ID's,Predictions
15795,0
860,4
5390,5
11964,5
11284,7
6265,1
16850,1
4426,4
14423,1
11363,3
16023,6
8322,1
1685,8
769,4
2433,5
5311,9
5051,4
6420,2
17568,3
19769,1
6396,4
8666,7
18942,2
18431,9
2747,5
189,4
19118,2
3005,7
1899,3
1267,9
17912,3
11394,6
3556,9
3890,6
8838,6
14502,6
10627,1
8792,7
10555,1
10253,2
8433,5
10233,9
11016,2
2612,2
15787,0
17159,3
12206,2
8226,0
14541,7
3152,1
1585,7
3943,0
19457,7
1021,1
11653,1
10805,0
13417,2
7989,1
9692,1
12990,3
6873,5
5675,4
161,7
4297,6
995,9
11534,4
7629,8
1016,8
8529,8
17262,8
9268,7
12185,1
6331,3
8571,2
7208,2
5276,3
18446,1
16448,1
16216,7
8006,2
2568,3
2027,4
2695,5
15422,3
5258,3
6736,7
391,3
13986,0
12666,3
5892,5
3561,2
6184,3
19483,4
8392,0
13067,3
15265,3
19488,9
2454,5
11837,1
14039,8
19115,5
10965,4
9762,8
5056,5
14948,8
8110,8
13773,9
17412,5
502,8
6910,2
12685,1
206,0
17868,6
15934,3
17247,7
19174,8
8755,3
12383,6
18141,7
14820,7
7574,2
6374,6
1678,0
19626,1
1059,5
16198,7
9914,3
19541,0
10817,2
10921,5
9789,5
16312,1
11252,0
2693,8
13931,0
3627,1
16157,3
10173,1
18047,3
10230,3
15707,2
11494,7
1306,3
6776,0
9474,1
7526,9
5530,3
3748,6
13545,0
663,3
1998,1
7994,5
17879,7
3304,6
18237,8
13808,2
6585,3
17675,3
19965,9
11649,9
1636,3
17082,9
4737,1
14555,6
13877,2
854,0
5855,2
7392,3
13949,9
18091,1
5791,2
4931,4
19894,5
202,7
11447,3
12688,5
4389,9
2327,8
8004,5
19315,6
7777,1
197,2
1930,3
11774,2
15087,5
9339,8
11589,3
18895,6
15708,3
17043,5
2811,6
14243,9
6546,1
1986,6
8338,5
11411,0
2911,3
1734,6
18227,1
8680,7
19360,6
18343,5
5759,8
2385,9
11111,1
4736,0
1802,7
8155,3
8120,2
6616,7
14257,6
14486,2
16646,7
14075,3
9208,8
16371,3
11835,4
13168,6
2049,6
5423,4
14589,8
19492,2
7158,0
10248,1
7400,7
19554,0
9874,8
15151,6
18639,2
1154,7
4499,7
6295,3
12183,4
12874,1
18032,1
5539,1
9637,3
15586,1
2557,9
5592,9
16482,9
2200,3
14172,1
2961,7
14207,3
11969,9
2869,9
17340,0
13992,5
5699,3
3987,7
13446,9
1218,6
4735,2
11296,6
4555,4
9146,0
8050,0
12757,9
19830,6
17429,7
6893,6
18077,7
14373,2
14565,6
3436,5
8754,8
10677,5
5895,6
19738,4
16609,8
15636,6
7022,3
9151,5
5600,3
7996,5
9007,3
12946,2
4642,8
11312,5
7679,7
8208,9
18589,6
10716,1
17453,3
3444,7
10757,4
14434,9
1060,4
18711,7
3420,8
301,3
12468,3
16990,2
19554,4
699,0
190,0
10492,8
17364,6
2975,3
6102,0
17568,5
19711,0
19778,9
1816,1
569,9
5442,1
1895,3
19117,0
3863,1
12913,3
7455,9
4014,7
11093,9
18070,2
3009,5
16538,3
10729,2
1409,2
12249,0
784,3
8096,6
7560,2
12533,4
7343,5
7206,3
5801,5
19190,0
16921,7
5986,1
18225,9
10647,0
8716,0
19334,8
12323,3
4780,9
2368,6
12039,5
6655,5
8173,9
4495,7
10893,2
13403,6
13121,0
10966,1
853,7
16958,9
17532,3
9907,0
4777,0
15338,8
2491,6
15328,4
14599,4
19508,6
3051,4
15979,3
16388,4
876,9
4142,0
15202,9
6966,6
7079,9
7987,2
6799,4
4465,9
17019,3
13417,5
18077,2
8311,1
17214,6
14098,8
5177,2
14262,8
8308,6
5949,0
19222,9
1150,6
1931,3
9204,7
18048,1
1081,6
16896,2
13407,5
7805,1
5237,5
16943,0
12775,3
16244,6
13184,0
3343,7
13500,1
9662,8
16964,3
15125,3
8130,4
19531,9
1679,8
3506,6
13284,6
7253,3
19128,3
9435,7
11310,1
13296,3
18525,2
13245,1
11151,4
10457,6
2479,8
4452,3
5881,7
14069,6
2849,9
7390,5
11922,5
2489,1
9823,3
9207,9
9540,9
16364,4
4611,4
19223,7
5878,7
16347,6
851,5
18071,4
6833,3
11938,7
2427,0
4000,6
5052,8
2738,5
5387,6
8002,8
5536,1
13479,1
3913,5
17450,7
10636,8
5726,5
3373,8
12161,6
2082,7
16281,5
15305,6
9817,5
11261,2
417,4
8808,8
3267,6
17209,0
5745,1
11338,9
412,8
7543,4
7587,1
728,9
11657,0
5988,9
18888,0
2967,9
14527,1
19170,9
16048,6
17506,6
17955,3
5073,6
5104,6
2143,8
7357,0
12043,1
3440,2
5644,8
10518,5
14552,4
2914,9
13584,7
12144,9
14397,6
8787,7
14191,1
728,7
17749,5
698,4
7186,5
14512,4
13923,4
16779,2
7400,3
4171,1
4360,8
2502,7
17101,5
19166,9
5486,2
8335,5
4491,7
11130,8
7651,8
1167,4
1062,7
18540,7
11174,0
4729,9
9348,2
5334,7
8924,2
4330,3
6801,7
4846,9
6731,0
15368,0
17337,2
2539,6
7056,3
11516,7
11493,4
1542,0
13964,8
17575,2
6313,2
19065,2
17924,7
13807,7
9580,2
17749,7
8691,0
7494,0
4312,0
1324,0
3141,3
19870,9
1810,3
6588,3
19307,6
5301,4
15485,8
11714,6
4748,4
9435,3
3709,8
13116,5
9576,9
10150,7
19456,5
6530,8
10188,9
14683,0
504,6
1214,8
1531,0
823,6
17312,0
5029,2
13428,0
16517,5
2105,1
3627,5
12972,6
1852,3
4910,7
11003,2
13843,5
11704,4
15761,4
6190,6
17640,1
19760,0
5645,8
19870,6
19968,7
9588,7
11829,2
8053,6
3330,5
19087,7
8662,0
7114,8
13323,6
1353,3
10975,6
11023,9
667,4
9337,0
13659,1
3719,1
19129,0
7483,2
539,9
4964,8
4835,2
6042,2
14837,3
7312,0
5320,3
13216,9
2779,7
17308,5
1581,3
19708,5
12677,1
5713,9
16639,8
4804,9
18222,5
10136,3
9,8
19255,7
5124,8
1015,4
2193,5
8415,6
13550,9
14512,9
4158,9
6970,2
6938,1
13772,1
18017,2
10344,0
7266,7
8702,2
384,0
404,1
8175,3
15158,2
12763,1
18384,1
9860,7
5989,4
15106,9
17844,9
3636,8
10916,5
4809,7
13456,6
15444,8
5997,5
2048,9
12338,1
17100,7
4544,8
4976,6
12775,3
10015,5
3419,0
14430,6
7239,8
14489,8
16633,5
10357,4
17154,8
4363,2
10176,7
17461,0
8427,7
8580,3
4858,9
10040,5
19198,5
19758,4
15254,7
11470,4
1252,9
6996,1
12173,9
4673,3
15781,6
13051,4
6881,5
6949,5
9521,6
8017,2
6941,7
10209,1
17715,0
9550,3
4637,0
4854,2
19561,1
10320,0
18564,1
4892,4
7043,1
16521,5
19856,8
19216,0
19963,2
4164,6
7941,6
14388,9
5569,6
4300,6
6269,2
3818,5
12015,0
12234,6
18290,9
6254,1
17144,6
7350,8
15183,7
6238,0
6090,9
11637,6
12647,5
9911,4
8472,8
18271,4
3266,9
666,5
4188,2
17055,2
10161,0
11314,7
12891,0
4777,1
3900,8
13716,9
6981,0
6376,2
16907,3
18777,6
18977,8
10160,9
14124,5
16282,8
10488,3
5240,2
10453,9
10478,2
12394,7
19262,9
4432,0
13568,7
14178,2
17660,1
302,1
17022,7
55,0
13013,6
8717,5
8150,8
2125,2
11479,0
15745,4
16748,4
6809,5
4621,0
15034,5
13623,9
5126,7
5122,7
18030,4
17302,7
19181,1
5870,9
1531,0
8172,0
19729,4
7673,5
6882,8
1906,4
3086,0
13503,2
8152,9
5750,2
12772,7
10267,2
1062,1
18360,1
17680,2
6229,2
16509,3
15147,5
4632,1
6288,6
3596,4
11475,8
6168,0
9795,7
7561,0
8258,0
16616,6
6371,6
14369,9
12910,0
7943,6
12199,3
15728,6
6738,1
15913,0
2472,3
19123,6
15679,5
1761,8
10167,3
10554,5
17260,0
14277,6
3812,9
17844,1
18117,2
1605,6
5622,3
6767,2
11613,0
19901,2
10589,7
13918,1
13046,6
2590,4
17447,5
4324,8
10787,4
9111,9
5342,6
16389,7
8659,1
14043,8
8837,4
117,7
13917,3
18935,6
14309,8
13234,8
5560,5
846,2
10954,9
13703,3
15385,3
13746,1
6469,1
9333,1
16608,1
12819,0
4208,1
6283,0
2048,8
6233,3
12941,2
12607,3
9765,7
1828,9
1917,6
6988,0
18410,5
14594,4
12977,0
9,4
16644,3
9865,5
2219,2
7041,4
18444,3
5287,9
1619,9
8512,3
1342,5
10568,7
19216,5
19208,0
18378,7
14231,9
3490,4
9310,0
7984,0
17988,7
12219,8
235,9
10161,9
1908,6
8567,0
3530,5
5256,7
19019,3
8162,7
18944,0
5415,5
3391,4
11157,5
5951,9
8007,4
9064,9
15524,8
19282,3
77,0
7577,3
16984,2
14060,9
17449,5
18520,0
10535,8
9510,3
6943,4
11954,8
7804,5
6565,7
5984,4
4670,0
18574,2
9184,1
19096,9
2192,2
1248,8
11246,0
12790,7
18381,8
3687,1
4018,6
11302,8
1970,3
8389,2
17586,9
15374,8
5788,5
5408,1
9446,2
922,8
419,9
18588,4
10789,7
1120,5
11260,0
17334,1
2336,9
5373,7
2243,7
19029,0
4612,7
13946,1
18249,0
11104,5
13429,8
6371,4
6359,4
7863,8
3228,8
14382,2
18755,9
2891,1
3756,7
15770,4
16478,4
2674,9
6898,2
10147,6
793,8
2116,4
5779,9
12298,3
14153,0
11111,4
10789,4
11397,4
12999,7
814,8
16729,0
10541,6
2443,8
10457,1
10380,0
7783,0
11473,8
17368,4
15328,9
827,4
19915,8
7147,1
4451,0
15343,7
13635,9
5959,1
126,4
19561,4
8795,5
11641,3
7196,4
11559,4
3368,2
3797,9
15114,4
13718,7
1792,6
11053,6
3476,8
3417,2
1645,3
14755,6
19414,7
19256,5
3072,9
1854,6
4662,8
6514,5
2708,2
11694,4
9524,5
19891,4
6456,7
4212,3
13224,6
7970,9
16920,4
1625,8
10314,9
7973,8
8577,2
8070,1
8666,4
3600,9
6783,2
13226,0
9146,2
4971,7
13490,8
17589,9
12951,8
12312,6
1990,8
5299,0
12997,0
19956,2
13472,4
4380,4
4757,8
19097,4
10395,1
16241,6
5588,7
17350,1
4944,4
13395,5
19816,5
17072,4
4243,6
9916,7
9984,4
1759,4
9181,1
2482,7
951,7
2079,3
2717,2
9692,0
7311,9
18449,6
768,6
5490,2
15534,2
6645,6
5232,0
11485,8
5797,6
19719,1
12342,4
8038,6
16002,9
13087,2
4873,8
1481,2
10093,4
19835,0
14422,0
16438,0
7643,0
19846,0
15708,7
11271,8
17216,6
12600,2
10998,0
14295,5
10682,0
16380,6
8519,1
19694,2
3300,2
6722,9
7218,6
3054,2
13575,4
7970,4
2143,8
9503,9
15149,8
18922,2
12175,9
8356,5
15070,3
822,9
17327,0
14289,7
6150,2
4425,7
16032,4
2198,1
3452,1
9106,3
13859,2
17692,5
8705,0
10112,0
19978,2
4841,0
15358,2
1409,4
4566,6
11382,4
17939,5
14596,9
804,0
13221,4
1279,8
13192,6
7083,1
11093,4
17771,0
12880,3
15517,9
19063,6
2106,2
16086,4
4831,5
19152,2
3186,7
2573,0
12808,0
2599,4
4033,2
8428,2
1304,0
17685,8
18925,5
18435,9
8633,0
11372,2
8996,7
16458,0
5475,8
7184,4
12875,8
1622,9
15988,0
8041,1
16725,1
18458,6
7992,9
15646,6
17029,8
4263,7
14060,4
15156,2
8646,9
11664,9
2969,1
3028,6
19065,2
3629,7
3067,6
5941,6
17770,9
19250,4
11555,3
13081,7
6819,8
11046,7
17717,8
2711,4
4853,8
7715,6
8942,0
15507,9
15826,3
1762,7
15850,6
12112,7
12652,0
6122,1
481,8
14536,0
153,6
7617,2
1524,4
2120,7
15048,8
2343,4
5136,9
1240,6
60,5
9130,4
18023,2
12312,1
13350,5
12418,5
1252,2
8363,6
9650,6
19933,7
18706,6
16314,6
4090,7
6960,6
3004,8
16713,6
3640,1
1341,6
11855,7
338,0
5895,5
12254,9
19092,1
11344,3
1750,5
2421,6
7119,7
5319,9
15896,2
11918,1
13849,1
4873,2
4806,0
8592,9
12182,1
19541,8
16774,2
12045,8
4430,9
8820,4
4232,5
11122,6
15023,6
8007,9
17905,1
9018,2
1500,8
6737,7
3294,8
18803,8
19426,4
4497,2
17850,7
19945,8
614,0
9374,8
19607,8
2667,1
13409,8
16514,8
2983,7
12651,6
8230,3
6640,0
11779,6
15317,3
17304,6
7564,0
15520,9
13737,9
9323,8
15229,9
11713,3
8502,3
19625,4
545,5
4346,5
9996,0
15775,9
13919,3
3810,9
7206,2
9005,2
16371,3
12316,4
18416,2
8436,8
12984,2
271,4
19895,5
18155,4
10616,1
4361,0
7069,5
17304,2
3430,9
12676,1
10816,5
2050,8
11692,1
1165,2
2033,2
145,6
14269,9
7832,6
14286,3
2632,5
4494,6
15152,6
9155,8
10426,2
10233,9
1828,8
12260,7
9130,0
4805,4
806,3
8202,0
1868,9
14561,1
15512,3
14899,9
16220,0
15934,9
5429,7
9076,2
3564,3
1389,3
11593,5
7274,0
17208,5
18649,7
17320,4
10745,6
14199,9
15876,7
18180,1
8245,5
7214,5
726,8
19120,7
13832,3
11362,5
18297,1
10106,4
7657,6
18850,6
14551,1
7906,2
7287,0
892,9
10222,6
4675,1
1933,4
17764,7
11873,8
17674,1
18024,6
13239,7
10874,5
17602,9
5016,4
13774,9
9752,2
17338,0
15585,1
7291,6
974,3
4133,6
14663,7
3972,3
5295,0
13913,4
9105,6
8228,1
9903,5
3020,9
8987,2
12880,9
5233,3
9516,3
14559,7
16701,1
2396,3
18546,5
19129,0
1591,8
11303,0
6183,2
1312,5
7314,3
18767,7
19623,2
2139,1
14688,2
18088,3
6924,0
362,0
18988,2
13481,1
3738,3
2469,2
16106,6
16940,7
9017,9
2808,4
16370,5
14870,5
12713,4
7561,9
2719,4
11700,9
3741,2
9766,1
3998,7
18787,3
16077,4
294,9
10177,6
9882,7
1136,5
2064,8
7009,6
12987,2
4543,0
1007,1
5445,9
10706,4
14749,7
11718,7
9439,1
13281,4
1435,1
571,8
2382,0
5084,1
16661,0
13507,9
7059,4
18271,8
12771,7
17649,1
7491,2
14527,3
17424,0
14859,8
8073,0
9077,1
19136,1
11383,2
16378,7
2353,0
4799,2
17070,3
11939,1
2428,5
11296,9
7813,5
14414,2
11801,4
11745,8
13025,5
3356,0
14288,7
6540,7
16422,7
3342,9
9078,7
2844,5
10396,9
17482,5
18207,7
13998,1
13261,8
19539,2
3093,6
11722,1
19280,4
11645,8
15083,0
988,8
6446,0
16335,0
16133,6
1682,1
5626,2
7424,5
12857,5
12155,7
17317,8
19982,4
11425,7
1980,3
15522,8
19440,9
8984,3
17175,7
15883,3
5390,2
18639,5
19994,4
1607,9
6573,8
17368,9
5776,7
3676,0
3380,6
8711,3
8782,3
17434,5
13997,0
6342,1
17343,1
6059,8
8884,7
5655,0
12091,5
19330,1
15251,9
526,4
3224,8
15069,3
11536,3
13547,0
18259,3
1763,2
8712,1
5797,3
9208,1
5109,7
16500,8
2433,5
16967,0
4167,6
17773,9
8357,1
6154,8
8920,6
18427,0
19880,7
17162,2
213,6
3762,3
13399,1
9768,0
10640,5
6731,3
19501,6
5791,2
15822,0
8783,6
13621,2
16019,7
2720,2
8905,6
9127,2
16385,3
6368,2
14056,4
12236,4
18333,5
14451,7
17301,8
19558,2
10433,1
15525,7
89,0
18093,4
10361,3
16369,9
3041,5
105,0
9078,7
18279,1
6090,2
6082,6
17018,9
1925,8
18440,3
6917,5
19528,5
552,6
3911,9
3389,8
13629,6
2430,8
458,0
13395,2
207,3
899,2
11653,2
16405,1
8601,8
894,6
514,9
4109,0
13258,4
15313,5
15349,6
7179,2
10326,1
11787,2
1560,7
13612,1
17650,6
19811,9
4780,2
18311,9
11894,8
2356,0
4790,8
16690,9
10181,7
7057,6
16082,2
661,6
4644,4
15711,2
2920,6
16002,0
14025,2
8946,4
12732,9
6236,1
16309,0
13518,9
352,7
7005,2
14036,2
16542,2
956,0
2071,4
8595,0
15140,5
12803,9
3453,9
6675,7
955,1
6295,0
15921,6
18096,4
15282,6
4703,5
6563,3
12003,1
10817,5
11171,7
12582,4
12201,3
17778,0
12473,2
9461,1
15596,7
529,6
19342,1
19975,6
12765,6
13910,2
11561,8
9131,9
525,5
16385,6
374,6
12197,5
4648,4
2365,1
17909,3
1646,6
13,1
4599,0
2278,9
14296,8
3155,8
8321,0
3814,9
13125,4
3216,7
2113,8
10238,6
13760,9
12588,1
3374,0
6430,2
19850,4
19465,2
11970,6
629,3
16653,1
10831,1
5724,0
11083,0
13149,2
19816,5
9472,0
6276,9
15635,6
5895,0
13994,2
10552,5
16959,0
6099,9
9499,3
19576,4
3178,2
19118,7
6116,4
15563,9
3568,1
9847,7
14135,3
18587,0
17774,9
1742,8
18309,9
619,0
17658,7
17340,3
1939,2
16001,2
968,4
14846,0
281,7
15360,3
6262,9
1058,0
10724,1
5178,7
6980,3
9200,7
1229,4
8467,8
19124,2
2289,4
1239,0
5370,8
16170,2
125,5
12504,5
15398,9
6638,1
6570,0
3249,8
9110,1
7595,0
13605,1
12115,9
6294,1
5757,4
12595,4
1969,0
10985,4
17275,4
4470,2
10225,3
9556,2
9206,9
9991,3
7519,9
13669,3
4612,9
12373,8
17582,6
15552,8
14646,7
5238,6
15577,2
15504,0
3719,7
302,8
12144,7
17370,3
10055,9
4440,5
3072,0
13598,8
14287,3
13965,3
19508,0
9519,2
13380,7
11865,3
8125,3
3291,3
4033,2
5105,9
17087,9
8133,7
16958,3
5704,8
7848,8
12975,3
6924,5
19614,1
488,0
7114,2
15740,3
3173,9
1667,0
4114,1
3553,4
7761,7
1000,8
15638,3
17772,4
5450,0
3712,5
1367,5
8189,4
9013,6
16838,1
19156,3
3726,2
4806,1
2190,1
9108,1
12178,1
2875,9
5592,3
17824,5
12592,3
8927,1
14437,8
11530,4
7010,1
11207,6
2989,1
12040,1
9218,1
6471,5
2863,6
10693,6
1177,3
4760,2
11,7
16353,3
11556,0
11563,4
14051,3
11022,3
8234,8
16173,6
13178,5
6570,5
406,5
9206,1
4431,6
6542,7
8906,9
4146,6
12046,3
12611,4
13076,9
16524,6
4882,0
14113,3
13645,6
6012,4
17347,1
7151,6
3610,8
9884,2
6894,1
13467,8
16489,8
9873,4
12289,5
12208,1
10828,8
2137,0
19914,5
1286,6
15710,0
11371,7
15945,6
7052,1
3654,2
18743,1
15600,8
8636,0
6441,7
9667,2
12149,0
1798,8
9600,0
5495,0
9900,2
13673,9
11130,0
15222,2
1300,7
9435,5
19481,2
4616,5
16393,5
10617,4
5752,8
9852,7
6295,1
17456,7
3225,1
1316,9
12337,3
6807,1
3683,1
7227,0
3273,9
145,9
5010,9
16035,4
3040,2
9654,8
16866,8
19563,6
17633,2
17014,3
14996,0
16336,0
8853,5
11695,8
2852,5
16014,8
987,4
7622,5
9160,7
17484,4
6652,4
7421,2
769,0
17727,6
14114,0
4358,9
11543,3
18733,5
5699,2
17625,7
1125,6
10793,4
6764,4
12323,6
13031,7
14052,6
12640,7
7843,0
14210,8
16456,5
10106,8
5189,3
2472,5
17091,1
18188,2
6704,4
3713,6
5051,4
10756,5
2475,1
3610,5
4255,9
14484,7
1735,4
8258,3
7979,3
2428,8
12345,8
7426,4
8533,5
5249,3
19201,6
9686,2
14109,6
661,7
12075,7
14788,6
10060,9
15836,5
10526,1
3374,6
207,3
2665,9
18877,5
632,5
3083,3
13711,4
10123,5
7123,2
10754,9
1679,6
15901,6
236,5
7446,5
4443,2
15463,9
8555,3
18752,3
16669,6
148,5
13395,6
4895,1
17396,9
11023,8
10699,8
9715,4
19169,3
16163,8
5782,0
18792,2
16724,3
2817,8
15096,3
18880,6
5299,8
9917,3
18073,1
3267,5
4406,3
17826,6
10382,7
4437,1
5435,0
4107,5
560,8
12329,5
1826,8
11421,2
12265,0
7629,4
8325,4
19522,5
7693,3
8264,6
12686,8
13716,2
6721,6
19362,5
7373,2
5907,7
16127,7
5656,2
8984,4
8286,6
5901,1
4917,0
8429,5
14716,0
15795,3
11138,2
2530,9
18344,5
17432,1
5772,4
15476,1
18913,3
15751,6
2964,3
7137,4
17347,9
16920,6
13891,5
7340,8
7967,5
12415,1
11871,5
11916,4
8734,2
845,6
19420,5
2494,8
12677,5
19103,2
18268,3
12330,7
5179,0
6610,7
6430,0
7154,0
13828,2
10145,7
6488,6
3850,7
17073,1
13564,1
5078,6
12168,1
5448,1
17563,9
9074,0
6406,4
8800,7
14083,1
1638,6
10340,1
1382,2
1403,2
9011,6
3292,5
9011,4
419,9
12411,0
4517,1
19686,6
15422,2
9700,8
5693,3
767,9
18428,2
14818,4
1549,2
9956,9
6140,6
10837,9
3716,1
4481,4
6548,1
18677,4
4837,2
7758,7
10900,8
7993,4
5542,6
14828,3
16052,2
2385,2
14308,2
671,8
163,9
8656,7
11234,2
4795,4
10634,0
4798,0
18739,7
10749,8
5827,9
4719,4
593,1
7394,0
14056,7
19877,2
10636,6
19056,1
16,0
3191,1
392,7
6272,2
16955,3
3631,3
6172,9
9312,6
18663,5
8906,5
17159,6
18631,8
16462,1
8080,7
7099,3
14916,4
7083,4
9223,6
4940,4
19655,5
3456,9
7788,2
2711,6
11280,2
18052,0
16531,1
12089,3
10142,9
16749,6
15587,4
9866,0
4531,3
12686,6
5330,4
5510,1
8964,3
6493,9
10759,6
5439,7
14473,1
9765,4
13279,9
6511,4
11483,7
17630,0
2376,5
19393,3
11824,1
18211,8
6979,7
9832,1
12504,4
6910,0
14089,3
2196,9
5978,5
17153,6
780,2
9908,0
6303,3
14686,1
3983,4
9503,6
16905,2
13070,0
12232,2
4583,5
5946,2
16377,8
7128,4
11889,6
12275,1
2461,1
14291,9
14036,5
11435,9
685,5
18544,5
12258,3
15990,9
16422,3
10736,2
4875,2
17640,4
11182,7
2196,7
7165,1
15997,4
14215,7
301,2
17030,3
14571,6
9951,4
10773,4
16140,0
19921,2
13057,7
12500,8
15921,7
11870,0
4082,2
13718,9
10517,0
3754,0
1724,4
1376,2
8706,5
8894,4
18037,5
18450,4
16406,1
18844,7
5926,4
6251,0
9496,1
3300,5
8553,8
3727,0
16898,0
16832,8
6019,4
15463,9
10047,5
11754,9
2520,8
3081,2
1428,1
3967,1
6445,7
14566,7
14042,0
11329,7
2159,7
5132,5
18931,4
19363,7
14933,4
10473,1
19033,8
10805,4
3083,3
17421,2
13944,2
19873,8
7604,7
15379,2
19018,3
3983,8
1778,7
5110,5
12087,4
17508,9
17081,1
2179,0
9596,0
5251,1
9235,9
18313,1
14871,3
1013,7
16610,3
1828,4
7909,8
5588,7
13109,9
2023,0
14537,0
5891,3
1080,5
5036,0
15379,4
10822,1
2563,3
3292,2
3586,8
16087,8
16100,6
6643,9
3959,8
11005,1
10775,3
161,6
16029,8
16977,9
14226,6
11154,5
12080,2
3390,3
5997,5
12693,7
17047,9
9324,1
541,7
5093,8
13428,9
11166,4
17251,3
16063,9
10258,9
16044,8
5469,2
6256,8
10720,9
1169,8
830,0
1651,4
17520,3
19194,6
9518,6
13258,3
16184,1
1019,4
10028,4
12448,5
12485,6
1283,1
17043,6
18394,7
1733,2
18509,8
18555,5
16230,3
14472,8
12889,5
3471,5
9028,9
8329,2
2097,2
14082,6
13930,8
10077,1
6397,6
2757,9
18284,0
18994,0
17833,5
5017,9
16370,1
7999,4
10195,9
2096,6
15433,5
10595,0
15941,5
19715,3
15078,9
5105,5
19362,3
2839,2
3384,3
10851,4
10053,8
13493,6
17069,1
14139,0
7531,6
4283,1
7736,1
7710,9
1619,3
13975,4
12835,8
15261,5
1431,9
9067,2
4713,3
9557,1
9435,4
4998,3
162,7
1974,6
19675,5
8461,8
17015,8
17289,9
2014,2
9833,0
7896,9
204,6
16965,5
9032,1
5347,8
2643,8
8017,4
18681,3
17258,4
5560,2
15892,1
14531,6
17073,4
4000,0
14289,7
17055,0
7927,8
15562,8
1171,5
11918,3
9135,5
6342,6
17833,1
11929,9
2539,8
3959,3
13183,6
5432,6
18745,0
1753,7
18322,5
10123,2
16376,6
6588,2
6304,6
7345,5
15352,7
597,6
19446,6
2336,7
9879,6
572,8
7521,2
6171,9
18474,9
13992,0
11861,8
12464,5
1633,6
17901,6
12485,4
10849,6
3648,7
15177,3
13140,3
17921,2
14357,5
13368,2
3137,4
97,2
11407,0
12722,2
12924,9
3750,4
8535,5
4666,1
16009,0
16994,4
1727,9
1854,8
10800,3
5055,3
10271,6
18708,5
12819,4
9369,1
9283,2
13171,8
5774,0
6519,9
10983,5
18133,8
14939,6
781,2
16282,1
6823,5
18489,1
7193,4
2113,1
16280,0
13565,2
10183,1
17961,4
9203,1
18658,7
15795,1
18810,0
13489,8
5546,0
6852,6
2551,8
6411,2
16391,7
18939,2
475,8
10403,9
7239,2
6710,0
8078,3
2285,3
5223,4
13521,1
14889,8
6971,6
19909,6
11531,3
14721,4
19206,0
4943,9
6530,6
11116,2
258,9
282,8
13937,6
1898,2
4135,0
6629,7
11168,8
19584,0
612,9
14203,8
17071,0
2307,8
7133,7
11205,9
5906,9
2591,4
15149,5
12150,5
7183,6
10102,3
19988,3
17053,4
1283,8
923,8
1125,7
1529,1
8438,1
16154,6
8004,5
9752,8
10592,5
3864,0
226,5
15036,5
11739,6
16648,4
9587,2
11749,2
645,7
16299,0
19374,1
13675,7
18888,5
10964,2
16087,6
13537,5
13269,2
9346,3
587,8
12763,5
9177,9
4079,3
3348,9
18099,3
10785,1
12328,2
6450,8
13230,5
5433,6
1098,9
7096,0
18710,6
11439,5
9087,1
16021,6
6416,7
6980,9
18058,9
11101,3
7950,7
9122,7
12576,6
1089,5
4578,8
9127,6
10487,4
155,2
1958,2
10693,6
6344,7
5779,4
3830,1
9046,0
9794,8
441,0
14478,4
4628,2
6370,5
9528,3
17332,7
11565,3
8179,6
16013,0
16843,9
392,6
12130,8
18171,8
10449,7
17522,7
7418,4
2454,2
17761,8
15223,1
6701,1
2597,3
141,3
2659,6
9031,3
15037,7
13970,0
5661,4
6142,3
12109,9
8787,3
10096,8
8472,7
16807,7
4249,4
14949,1
1750,8
18351,8
4088,8
15282,1
19330,7
9641,0
5075,6
10412,4
15686,4
7230,8
15432,8
11002,8
13947,0
13686,8
17915,9
13074,0
19374,3
4493,4
17317,4
1460,4
14140,1
19107,9
10704,6
16669,3
16648,5
6816,6
11639,9
14424,6
13965,2
18146,5
11240,3
40,8
5827,6
8259,2
17371,8
14849,2
16232,3
7804,1
19582,6
5374,4
2524,6
9277,4
18863,9
9885,9
778,5
1492,9
17044,2
17732,2
13615,1
12132,5
10178,6
7851,7
16288,6
7156,7
2044,2
7368,6
19900,5
13635,3
9168,6
17111,2
11328,2
13319,7
342,5
1447,3
6581,2
11851,2
6317,3
16910,4
10088,8
12946,9
16789,3
14567,6
14868,7
9765,2
12466,0
18230,1
17862,2
10587,3
771,0
16300,0
8770,8
11093,9
13803,6
193,1
2007,2
17569,4
18778,4
11190,2
9984,3
9302,1
7429,5
2261,9
6716,3
8921,5
4378,5
7815,7
13778,4
19835,9
12728,8
10332,0
9836,1
2800,4
8333,4
5410,5
17839,0
5808,4
6796,8
10288,8
17709,2
17543,3
4650,4
4987,9
15200,5
4697,1
16724,1
3828,0
18352,9
17087,3
12605,6
5482,5
18184,7
5463,3
13860,7
4912,9
4648,7
855,2
2866,2
11834,4
16294,1
16566,9
3112,0
4492,3
15114,9
1517,2
16018,9
17740,6
11431,7
8210,3
11595,6
12871,8
12743,8
9324,6
11531,7
6588,6
3311,7
987,7
3321,5
15812,9
4615,6
15512,3
13146,4
13654,4
3052,7
726,2
3760,2
1875,9
13969,3
4033,0
5443,6
17373,4
3744,0
16977,1
1774,2
10651,2
935,3
13395,6
3808,3
16715,7
11641,1
19086,4
14376,6
5889,4
5054,6
3868,7
16585,0
18881,3
1842,3
10058,5
9101,7
12497,3
4658,8
11381,2
7544,9
7718,1
13851,7
17154,4
19539,4
11777,9
1628,7
386,7
6031,1
6439,4
13392,6
18850,4
2282,8
1856,0
15670,4
1998,8
5476,5
9428,6
4669,8
12336,5
9342,9
7064,8
7446,9
17815,0
5624,1
7461,9
1819,3
10516,1
13749,5
17514,2
2658,1
3500,8
2120,5
4020,6
10213,5
3259,7
10081,9
1823,3
17858,1
18626,3
13467,4
19627,9
6990,4
3134,7
18454,8
16743,9
15434,6
15007,8
10233,2
16378,0
1141,0
18019,0
10135,3
12966,2
3361,9
7835,5
11172,6
16390,3
3267,2
6564,9
18990,1
11411,3
5906,3
16028,2
19657,9
7611,1
17297,9
2011,5
17826,2
11246,4
13790,1
11738,9
14730,1
11120,1
18213,7
8767,4
13703,9
929,9
11951,0
15845,5
17438,6
15747,3
5744,2
18284,9
9649,0
6980,9
7069,1
9591,8
19799,1
442,5
4652,1
9370,6
7597,3
14325,5
4458,2
6591,0
16346,0
11826,4
18693,4
14138,0
17294,9
2169,6
18556,5
6313,4
8315,2
8036,2
785,0
6139,3
6344,8
18800,6
14973,8
5619,9
1936,7
3807,9
7151,7
9493,0
12355,2
3236,1
15848,4
2352,7
1932,2
10913,8
8556,5
5498,3
10582,9
17330,8
13865,2
9569,4
17823,7
4857,9
340,2
11181,1
16766,8
8491,5
138,7
358,1
9714,6
19840,6
1627,1
15996,9
5004,2
13283,9
6652,9
19554,8
2151,9
9429,3
14072,5
11927,7
6905,8
19218,1
12452,0
16212,1
18951,0
1307,1
14852,2
2660,6
10403,0
10238,4
6207,3
19546,6
1140,4
1708,1
3630,3
19595,5
10485,0
12021,7
16859,2
7684,5
1207,3
13331,5
1960,0
557,2
15883,7
13893,5
882,5
4761,6
5867,0
12869,7
7166,8
12982,4
7929,6
5347,5
7269,1
13527,4
2454,3
18330,8
12991,1
2808,5
6642,3
3825,6
3536,9
15309,2
3802,8
18354,2
6142,7
19203,1
9094,2
364,0
19503,2
15688,3
1863,3
16499,1
7084,2
8016,7
2384,8
15072,0
3935,1
13127,5
14482,0
7742,0
16165,5
2490,2
13324,6
18108,6
19151,0
1137,9
3420,8
5845,6
3906,6
19337,4
12413,4
276,1
18383,6
17611,7
6337,6
11944,9
15906,6
17079,1
12306,4
10503,3
19225,5
4208,2
11590,7
10886,9
12866,4
1088,4
3363,9
24,9
9764,7
9959,8
12935,4
8068,8
18619,6
7295,7
8392,9
11390,6
8448,6
10433,9
15038,8
19559,5
11528,0
15743,6
8605,2
2014,0
1381,6
1098,7
19810,2
9101,2
187,0
11948,0
10207,3
2092,7
18514,2
5242,6
8549,2
5185,3
15271,9
5776,5
12449,3
7823,9
15717,1
7355,8
6465,8
12737,2
17881,7
13324,7
10350,4
2555,0
2951,6
17622,3
4727,6
5686,5
3701,2
2780,1
17972,0
2368,5
15592,0
436,0
2828,1
1556,1
13364,3
15061,6
10576,4
16566,0
7190,0
5565,0
15369,1
1589,6
159,7
12145,6
15373,0
6555,2
16237,5
9203,8
8244,6
14743,2
13333,6
13341,8
18691,2
1228,2
5590,2
5585,1
9227,9
6046,0
12237,6
15649,2
4945,4
7927,6
12641,5
15998,4
13386,8
7016,8
14027,5
15920,7
13752,8
18268,8
18193,9
3167,9
11989,0
14087,4
2437,2
15275,0
5276,9
8859,1
7818,2
4728,3
19008,7
5738,8
5793,2
4523,1
5571,3
16209,4
15246,0
10380,5
2224,7
8389,3
15927,5
11684,8
10640,0
8662,1
6361,9
1948,1
12091,3
11992,9
6318,2
12180,0
234,7
15372,2
19991,5
522,9
12718,4
9821,8
5832,1
12820,7
16211,6
7122,9
5842,7
1316,2
13200,4
17508,9
15206,1
18971,5
1378,4
19758,4
1519,8
7935,9
6093,5
5355,9
9083,9
5574,8
13324,6
2257,7
13411,6
15233,6
15887,8
19621,6
2005,8
18400,5
10860,7
10070,2
9388,7
18156,8
18135,5
14609,5
16363,5
19604,0
16923,1
14823,1
17845,1
8547,8
11515,7
234,0
14562,0
17932,9
7480,7
4213,8
10293,2
1673,0
2100,6
11849,6
19557,9
18199,7
3841,7
10197,3
8016,2
7011,2
4493,4
17058,0
8578,1
2158,1
19045,3
2064,6
3253,5
12828,1
1401,6
19643,1
15193,5
12096,7
4214,8
19611,2
11023,3
11950,3
10704,3
10343,3
11867,8
2745,4
3866,0
11956,2
5818,7
18606,0
16093,4
19176,8
15493,3
17908,8
8224,8
4025,9
18950,0
19187,8
6155,1
13839,0
719,0
14890,2
17356,3
18591,4
4426,9
12512,6
15064,8
13767,2
11308,3
11477,0
12903,6
8680,7
2204,9
19660,5
1102,2
5243,5
6614,7
16299,9
8707,3
13913,1
630,9
11908,2
10847,6
9171,7
12721,3
16661,9
16616,5
9744,6
5690,5
13401,4
7659,5
10601,0
11704,3
25,3
15384,7
13705,7
8652,1
13379,0
7006,2
19867,7
18378,5
8682,5
1072,2
215,1
9915,6
9784,8
18990,9
14824,3
3313,5
11033,7
9968,6
16241,8
5939,1
14696,5
14794,2
2295,1
1696,7
11185,2
18330,5
12001,8
14350,3
19167,0
3644,8
6420,3
11837,8
19029,8
6353,8
10541,9
1932,2
11486,2
1757,5
5085,4
5637,7
1116,9
10759,0
11691,9
492,9
8811,1
6474,8
14385,3
9738,8
13979,0
11755,1
9797,1
14607,3
12867,6
19127,1
7866,1
15449,5
10685,5
5451,9
8548,0
7186,1
6102,9
619,0
882,3
3642,1
1296,6
14122,3
2895,5
17313,2
5366,8
8711,6
19596,9
18793,0
8199,3
10717,8
3423,4
10211,4
12782,7
12474,9
3667,7
8277,0
12424,4
18852,2
18020,4
8155,9
3583,0
15515,1
4009,8
19710,0
10410,9
18601,6
4967,9
18753,9
10695,3
9135,6
5722,1
15514,5
11128,5
4444,9
7618,2
18060,0
1196,4
12297,4
2787,3
7927,4
19702,9
2176,4
8792,8
9171,4
2451,5
628,0
9821,1
7778,7
3696,8
19149,4
12972,1
8307,1
4956,3
10195,4
17076,4
19546,7
1105,0
19392,2
18545,0
15417,3
14188,7
12602,1
9256,3
14212,7
1913,7
10593,0
1772,2
19164,8
12996,7
2871,5
13234,1
17044,9
10521,8
10642,7
1132,6
699,8
14534,4
10230,6
6297,4
12839,8
7812,3
4557,9
2179,6
11030,2
9065,1
8275,1
17806,1
15089,2
3180,0
6696,5
9583,9
16998,4
13869,3
11757,8
16654,3
12258,1
2468,4
14208,2
15042,0
15639,1
11546,5
12327,7
14270,8
15523,0
14300,2
19991,9
10775,5
12265,9
19459,0
16673,0
6614,1
3252,7
7415,4
16662,4
11116,5
16964,3
4958,4
4276,9
4776,4
17208,3
3832,5
14901,8
5445,0
1380,1
9865,7
13926,6
19540,2
11580,0
5634,2
5810,8
10179,7
12251,8
13131,7
19493,5
12707,2
19624,3
18233,7
2749,4
13156,3
16589,0
3450,6
7214,9
11814,1
5141,6
2708,5
18375,7
15088,6
11834,1
12278,1
10014,3
3273,4
14367,0
4538,2
12541,6
8712,1
9168,0
3551,4
12297,0
10965,0
2832,8
13422,6
152,1
11156,3
11108,5
2800,3
5310,4
9944,3
2610,8
12067,4
1104,5
10728,0
7263,8
1914,7
19456,4
406,7
13689,6
166,3
508,8
18045,9
3664,4
19873,2
13050,1
680,1
18908,5
18504,4
4357,2
1363,1
9523,0
2292,6
1538,6
3408,7
8752,8
18287,1
174,2
2230,1
4287,9
12112,0
7106,8
9689,3
12046,4
19555,3
17951,9
1151,6
7619,2
6033,6
8560,9
4946,5
1907,1
3490,9
18919,5
4173,3
11065,2
17677,3
4769,2
4796,5
13046,6
14211,1
19356,5
4997,6
17376,7
8112,2
5287,9
10578,4
18624,9
17860,8
6426,5
11599,5
389,1
999,2
12812,1
15599,0
1855,4
8125,4
13794,9
2763,2
4986,9
1481,8
3731,2
16835,3
19477,0
17266,4
10758,6
19661,7
16311,2
8566,7
11889,5
11254,9
11442,1
13521,3
4559,9
16199,6
7291,9
8160,2
112,2
19581,0
15924,4
16523,0
1424,4
19333,3
19552,4
10808,6
6043,4
6989,4
6261,0
887,5
19488,1
16433,3
19944,9
16402,1
12253,3
18990,7
7846,3
6432,7
13452,4
13395,4
3765,3
18822,9
15950,9
12502,0
9741,0
5941,3
4855,3
15166,6
19145,3
5788,7
201,2
10561,5
16901,5
7737,4
1988,2
15441,7
11737,2
14256,0
7162,0
13065,2
14114,2
8399,0
5633,8
5755,8
10825,3
4117,6
1518,8
16346,5
2600,7
13237,8
18579,3
3554,5
16193,5
19233,7
15253,8
16194,2
1742,6
1306,9
3849,5
12360,7
12768,3
13032,6
4195,5
18939,4
18689,7
7619,1
9280,0
2642,9
9369,1
14296,3
15438,1
15674,4
4757,1
2994,0
15226,7
1271,0
1813,7
18845,7
8475,2
4396,8
9283,5
13318,1
17200,4
82,4
1920,8
7817,7
11683,6
11336,0
15596,8
2093,9
12905,1
8367,7
5285,3
10896,9
4937,4
16753,0
18202,8
18485,2
12977,9
19874,2
18163,1
7674,1
17748,9
3676,7
2426,5
2962,6
859,6
12048,9
4138,5
2424,2
10409,8
4017,7
10451,6
10278,0
10996,4
1134,3
5119,1
5694,9
4164,8
18730,7
5039,7
14631,4
10442,5
8252,4
17721,2
17568,8
1551,3
12625,4
1629,5
17910,1
1361,9
4370,9
5283,3
7610,0
10558,1
14924,1
14839,6
11949,9
10626,4
1993,6
869,7
1014,1
10103,5
16986,7
12013,5
690,1
16873,4
10748,2
8024,6
16678,0
5488,5
11035,1
19296,1
18257,4
12855,5
19642,1
2817,6
4458,7
5307,2
8933,4
18425,1
17063,9
10659,9
5738,0
5668,4
14427,1
7697,6
16446,8
7829,3
10751,0
13450,8
7352,3
13516,5
8326,9
3644,3
8003,5
3278,7
7296,7
3074,7
13261,1
11173,4
8312,1
1637,2
13652,8
5103,0
17028,3
2032,1
2761,3
15195,3
18452,7
16625,7
2668,5
14638,2
15954,2
17186,1
12356,3
195,4
2187,0
11707,9
2330,4
3606,5
60,8
14387,4
3927,7
6296,2
13622,9
14125,1
2591,3
12127,7
15748,9
6121,0
1200,5
15721,1
19238,4
11087,9
6972,6
136,5
17413,6
15346,8
18978,5
661,8
2472,8
86,3
10704,3
6219,7
16322,5
14749,3
6968,3
19157,7
13596,0
1700,7
2700,2
11821,8
18031,0
5520,4
11510,5
3687,1
16980,2
8837,3
14955,8
11281,6
13917,5
4757,5
13045,2
8912,4
4733,6
7081,9
8690,2
1673,7
14318,8
11171,0
13545,1
11803,2
2294,5
3630,3
15093,3
16530,7
14453,2
12174,8
3453,3
4507,0
10602,3
5628,9
8328,2
15534,2
19744,2
19389,8
3552,2
16402,9
2242,0
14665,5
5097,1
8640,4
1948,5
5618,5
4236,4
1920,3
11169,2
4188,0
12207,8
238,8
204,2
10799,6
5552,4
4927,6
11164,9
4390,6
19071,9
15641,9
6160,9
15810,3
5126,0
816,9
13414,8
192,6
18160,1
3645,1
12816,0
6314,9
18172,9
7374,4
3700,3
10655,9
15129,6
9359,5
3893,1
6811,4
9288,1
19063,8
504,5
9813,2
14671,9
10738,5
11186,0
6773,4
3816,6
717,1
11676,6
4434,0
17042,5
5057,6
4994,7
4234,9
3764,9
11181,9
4637,6
2104,6
9447,0
10674,1
18991,9
8385,5
11999,5
3719,0
2581,6
18949,4
2763,5
5991,8
10531,2
19790,4
11064,1
11312,0
4780,2
4177,5
15169,8
6476,6
18988,6
2382,2
16915,4
12508,9
634,4
11996,7
14162,1
16386,9
14005,7
8397,1
12327,1
14394,7
2890,1
10858,1
8026,6
3306,9
897,6
9277,0
9471,4
14896,9
15240,1
14683,3
670,5
17889,8
11767,6
13006,2
15768,0
16633,7
1892,2
3439,3
2854,9
11577,3
11763,5
11618,8
8235,2
19996,4
2618,6
3163,5
2942,9
1925,1
2972,8
11705,0
10640,4
10966,1
17374,7
11138,1
18196,6
15935,3
13145,5
489,0
11748,2
19275,8
3516,6
19724,0
6410,6
53,6
18959,8
16999,1
5944,1
7404,5
954,6
10625,4
1629,6
10973,8
6859,6
8841,5
10539,2
12682,3
3278,6
18945,2
6539,2
16754,7
857,3
4886,9
12945,6
7485,0
13680,1
16767,7
14397,6
10744,9
4334,7
19109,6
12226,2
13440,1
15020,7
4251,7
12180,2
16140,8
922,0
19299,9
7957,7
19430,9
15796,7
1230,3
10627,0
10006,4
4933,0
14295,8
16377,5
203,0
16544,8
15899,3
3748,9
6718,2
18965,2
1093,4
15228,5
16034,8
5710,8
9732,7
19259,1
3191,5
18221,6
689,5
2103,3
365,3
14010,7
11767,9
16103,2
12742,4
12391,1
4172,2
15623,9
2378,8
17589,4
12031,3
5669,8
2735,3
9867,3
8490,6
956,2
9306,1
6623,0
14908,8
17858,6
4460,5
13986,7
12638,1
19212,9
2850,5
13299,6
10698,4
19348,7
4594,1
14282,0
16285,9
14334,7
6644,5
2850,2
14933,0
165,9
10701,4
919,9
8305,0
19888,4
17375,2
15715,8
3839,1
17642,1
11618,0
13519,0
10776,0
67,6
9788,6
5660,1
4478,7
8210,7
10922,9
3521,3
572,8
7082,5
5395,4
15407,9
18642,5
11094,2
650,3
5741,9
13281,1
6838,8
18971,7
3262,1
17722,1
4996,2
11826,1
2827,0
14211,1
5232,7
2217,2
19923,4
14232,8
14026,4
19345,1
19610,3
13878,5
6837,8
7031,0
14806,5
3716,9
3414,4
17832,0
570,3
19288,9
13288,9
18889,7
917,0
10066,9
6982,8
6336,8
18062,2
16999,1
9941,2
12380,7
19889,0
11667,1
4529,3
17519,2
12192,2
8566,6
7226,2
5162,9
16590,3
1319,0
1141,7
4627,3
14501,9
2690,7
7323,3
3255,0
5213,0
4108,4
19404,1
18241,8
19173,2
9802,3
11413,4
14995,2
12583,4
5021,5
18771,8
6582,5
13455,3
13117,5
18950,7
17359,9
1262,1
7382,5
3327,4
18643,0
10020,8
17641,9
16848,8
14062,8
19678,1
6774,2
15160,5
1230,5
9076,3
3805,6
14715,9
5750,3
15627,2
13232,7
3135,4
6953,9
1546,5
15457,0
17478,2
2411,1
19001,3
14113,7
4145,3
2775,1
13193,6
12851,4
13070,3
19539,0
3970,3
14119,5
4331,9
10295,9
1942,7
16575,9
13404,1
861,3
9275,9
17033,6
4134,6
11803,3
15408,9
17420,5
16351,4
4131,5
18532,2
12057,9
11349,5
11486,6
5457,0
6079,8
12453,7
18814,1
18263,7
12158,4
15735,9
15830,0
15125,3
11905,9
12298,5
2011,5
3373,4
10335,8
10692,6
14527,1
12773,9
1289,1
1447,1
19583,0
19567,1
14139,1
13757,6
5462,7
19600,7
19520,6
19702,5
19166,5
7657,0
4920,1
10345,2
8417,0
17160,8
5208,3
687,3
16913,0
13223,6
8080,1
18537,2
9486,3
6094,8
7692,6
11088,5
3103,9
2440,9
7124,7
17228,8
14031,5
14536,3
446,2
3915,7
15787,8
19493,2
17618,1
6587,4
226,1
11151,2
5558,4
11971,1
186,0
14680,9
14559,9
11069,4
2535,1
1932,0
2032,4
1252,1
5509,3
5074,5
13900,7
14523,1
1881,0
269,8
1630,7
17958,1
13383,1
16152,5
11084,2
1695,8
19642,7
14821,6
3262,3
1445,1
16436,3
9949,7
18050,6
6901,6
19169,8
719,9
8597,0
6855,1
18678,3
8263,6
14520,8
11874,5
14079,9
17082,8
7243,3
9018,6
16732,2
12100,4
16691,5
19800,5
4820,1
11001,5
13907,5
19942,0
11669,4
15916,5
10878,4
2985,6
8112,7
8467,7
18931,6
336,4
10165,8
19363,4
12768,1
3968,2
910,8
18380,1
15632,1
16279,5
3129,8
5447,0
6129,9
5850,2
7446,5
11949,3
8519,3
314,3
11737,7
1134,7
10938,0
15588,8
8347,3
5592,2
18108,5
19727,2
17270,8
10997,1
721,9
9104,4
19741,0
870,0
6751,3
16881,1
1756,5
1117,4
11601,9
2828,2
14996,2
18031,7
13878,6
6992,0
13778,9
6771,9
16526,2
19145,8
3435,1
6622,6
12852,9
14806,2
10623,8
1848,8
2696,2
1717,5
19456,6
9259,4
2786,6
14154,9
13409,5
3791,4
3871,2
1806,0
17888,7
19692,4
13304,9
18074,0
15549,5
3303,6
19497,5
16061,6
15198,0
17888,6
10655,5
8924,3
9940,8
3924,5
9783,2
4485,2
12629,1
13233,4
12901,9
191,0
4917,4
5831,8
10160,9
13682,7
12391,8
1874,9
9062,3
4763,9
10234,1
9221,3
11410,1
14519,3
1051,3
12225,4
9765,0
11382,7
12580,6
11989,1
11939,5
18489,3
307,6
3359,4
3176,9
1251,9
5366,4
17901,3
6226,3
14330,3
4891,1
4992,6
1961,8
12497,1
19247,9
10848,4
13255,9
4567,8
16079,5
6513,7
15235,7
11755,3
11151,9
16567,2
3358,4
9590,1
10988,5
7678,2
5698,1
1273,6
11241,4
17480,1
9497,0
9107,2
11273,7
8002,4
4247,0
9220,5
19738,5
10703,5
15472,8
16654,9
17570,9
12392,3
11956,2
15641,2
13998,9
6305,3
18782,7
12721,4
6995,2
12427,6
13782,3
2230,8
6511,7
16512,3
9461,2
4765,7
13272,4
5552,6
627,5
11989,2
13780,0
6589,3
2044,7
13171,0
18725,7
5884,4
8185,5
249,9
19309,2
17358,6
9175,4
16260,2
2672,3
7279,0
8662,3
1987,4
16474,7
12948,8
13026,8
2773,2
13159,6
9878,9
10178,4
10377,4
7347,8
1008,9
3783,3
4298,1
4668,5
2052,9
1716,5
310,8
14391,5
1260,0
13157,9
11460,5
16968,2
14011,6
2866,1
14365,5
5898,5
18395,8
6251,0
4939,4
4006,6
1625,4
10956,9
17274,4
6078,5
8923,9
3961,1
18888,4
8806,8
18103,8
13558,8
6686,1
1587,5
9803,8
17280,9
10350,6
18816,6
11454,0
15849,2
6837,0
1449,3
5454,2
9424,3
4117,5
8869,7
10850,3
18412,7
14343,9
6845,8
4624,2
8848,3
16549,2
13136,5
589,5
19205,1
6509,1
7693,8
9454,9
16455,8
11708,6
12942,7
19964,5
16652,1
9968,0
2462,9
9460,5
1015,9
9275,8
13269,0
406,6
7384,2
11268,8
17369,1
11795,3
4485,2
8901,2
2618,7
9603,9
6928,5
5368,1
4621,4
14719,5
11126,3
7566,7
12306,2
15086,5
17387,6
18850,5
18323,0
18019,9
9890,0
8095,8
12719,7
10283,0
18279,3
14231,6
14698,3
17457,7
5184,3
2402,8
4895,4
11404,5
15161,1
9343,4
10637,3
1956,3
7023,8
14062,7
14333,2
3907,9
807,4
14031,7
4827,5
13699,5
4524,7
15193,3
16223,5
18668,2
5313,5
13598,9
13058,3
17141,3
4887,4
3854,3
12458,0
14536,4
3558,4
9772,1
17345,7
3575,6
2418,9
4198,7
1001,5
7119,7
19229,4
9673,2
5316,8
16244,1
16806,5
11873,0
4266,8
7549,7
19094,7
10589,1
1657,1
18925,5
6763,1
19459,7
3164,0
18437,0
8479,7
5737,0
19601,4
17831,5
6009,9
16991,4
4552,7
18148,5
9417,5
9221,5
2671,7
6519,8
3962,7
12734,7
13122,1
19561,7
3722,9
4906,7
7263,3
13699,7
11088,3
808,9
9170,1
16260,9
17109,1
10693,5
7701,1
17600,2
18581,0
14191,8
19190,1
17356,7
13704,7
2123,9
11533,9
16608,4
14448,3
14586,4
1814,3
13001,2
17490,9
16508,4
19630,4
13380,8
15406,0
2931,3
13567,2
14038,2
12317,9
2971,6
2017,9
2415,4
19480,3
1609,3
717,9
19945,5
12662,2
6782,1
1048,5
11618,9
8307,7
7905,7
9993,1
10338,4
5578,8
13834,5
18004,7
6548,1
7381,7
2941,3
5695,2
6401,8
15179,3
14456,8
13097,9
6197,2
5450,8
17937,9
17396,2
8378,1
1881,3
6799,2
14597,3
13675,1
4586,3
8430,0
2345,1
16459,7
9548,5
5877,3
6785,3
15833,5
4922,7
18714,1
4686,9
14407,0
18286,7
12205,0
13179,5
18443,7
16524,1
18173,4
16,7
13374,3
16848,8
18211,8
5956,1
16473,9
4815,5
19235,7
2843,7
15972,6
17353,5
1094,0
6124,5
19579,2
1404,6
3982,6
12515,6
15790,9
12205,7
12748,7
3092,3
13971,9
14616,5
4933,8
4926,6
3969,6
2965,7
4319,6
8975,3
7108,4
9141,1
16428,6
1810,0
10273,4
9021,0
18293,7
6364,9
2581,6
691,5
931,9
13128,6
14226,5
13861,7
15475,0
3406,8
8339,8
17416,4
17695,9
8579,9
3121,9
18257,0
15946,3
3748,4
277,8
18243,2
11563,5
6792,6
13918,3
10374,9
4675,7
1170,6
8681,7
10717,1
12450,7
10680,7
10068,7
2462,6
13650,0
287,7
18291,1
1161,4
16513,8
2363,9
5983,0
16527,7
8207,6
14758,7
244,4
17310,2
3178,2
2176,6
5002,7
886,9
19782,9
13721,1
12142,3
2654,4
11984,2
17755,0
7135,2
320,2
4654,1
16131,9
10770,0
6553,8
11559,0
9009,5
13482,5
7498,1
6636,9
7362,6
16395,6
16578,9
2537,3
19226,5
15216,5
18613,5
3009,2
14209,1
15675,9
15029,0
2077,7
13907,7
3867,0
16152,4
4873,2
8635,0
297,1
13095,3
9036,1
1015,4
1384,6
8745,0
18734,2
17653,6
1260,0
7701,2
10401,5
15519,0
11864,1
15681,1
5543,8
18265,7
12488,9
10079,8
10744,4
3809,8
7206,5
13746,2
15995,3
16035,6
11671,2
13210,9
17793,8
5197,9
15553,4
7452,2
8718,6
14859,8
2172,4
13158,7
16663,5
19053,4
11085,2
3981,8
5247,2
10553,9
6135,5
5573,3
13731,5
7189,4
14541,4
10878,9
11087,8
13667,4
2776,0
9311,8
7697,4
14629,6
8386,3
17046,3
8044,1
9615,0
15034,0
5060,9
10900,1
5581,1
2014,7
12997,7
10635,9
13648,6
7148,2
18748,3
14022,6
5919,9
15886,2
6638,6
4651,8
609,4
7940,3
10348,0
3866,2
16755,1
16999,3
2253,0
4942,3
12330,8
864,4
1268,6
7454,3
13666,8
12370,7
5229,1
16309,1
18621,1
4054,3
935,7
12172,5
10530,5
15560,8
16156,4
16709,1
9726,9
7774,0
1985,7
14252,6
4603,5
19162,0
15960,8
9462,0
14166,2
7754,6
14246,6
4078,5
12853,1
17751,3
4042,3
16284,1
14389,5
2575,4
6754,4
17965,7
1986,5
18624,1
15470,9
5968,2
7493,6
4103,8
2076,5
2994,2
3744,3
14466,2
14523,0
5594,8
7531,2
7371,7
14547,5
18028,2
3144,3
13990,0
14083,7
16626,2
7954,9
7269,5
7130,5
6828,4
8844,7
14220,2
6331,3
19896,6
13397,5
17883,4
10291,3
18542,7
10164,6
10450,7
2035,9
11463,4
7977,0
17241,1
12182,7
298,0
923,5
13331,4
19183,4
6578,4
4875,8
12254,4
18186,5
10905,1
13353,4
15882,2
19041,5
19730,2
9663,3
19333,3
941,0
1907,3
4837,4
13680,1
17627,9
5696,1
16226,4
13543,0
12615,3
1466,6
18350,9
375,1
262,6
11580,6
10136,4
7833,2
1893,6
8106,9
11826,3
1652,0
599,9
18296,0
8792,8
3637,7
10355,0
15989,9
9290,5
5599,6
14342,8
13945,0
10762,4
14312,0
7382,7
8982,4
19953,1
7707,6
17130,5
4633,6
17304,5
9269,4
13778,0
7008,9
15523,1
18765,0
3618,5
272,4
13007,8
18157,7
2547,1
3164,4
14414,8
14327,8
15576,6
946,8
14693,7
16890,3
15540,4
6719,0
8435,1
11350,8
3590,3
10064,6
17576,9
17848,4
390,8
12668,1
11569,3
13029,2
13107,2
2560,0
5867,0
15284,4
1211,0
9121,8
1539,4
17027,5
8693,9
8921,2
17667,8
10310,8
12744,2
4386,7
17303,5
12242,3
18723,4
14257,2
8947,3
13946,5
5930,0
5402,6
16017,5
507,2
1436,8
11618,4
8750,7
16122,6
7354,4
11294,9
13840,7
4399,0
5037,4
15848,3
3715,3
14877,6
7837,3
1301,9
7370,9
18539,4
6411,7
6365,5
15449,2
692,9
1478,2
6396,8
8448,6
10622,0
16825,7
10073,0
2646,5
5209,6
6533,5
7211,6
9927,5
11927,0
19029,7
9316,6
12177,8
10846,7
7933,1
5476,0
13853,9
7928,9
2080,8
6089,2
7797,3
17245,3
8346,7
19878,1
904,9
17653,0
16788,4
9974,6
1184,5
1725,6
11380,6
13057,6
5606,6
3956,0
16555,4
18690,9
16081,2
421,9
5540,9
16288,3
15966,7
15882,8
4675,6
9082,6
13009,3
6748,4
6103,7
17857,9
19627,5
18565,7
19480,0
11348,1
9782,6
5882,7
5798,9
9627,5
8415,0
12466,2
9846,4
12720,2
9145,7
4524,6
6559,9
7620,4
19158,0
3124,5
8671,2
11706,4
17737,9
12070,5
8134,1
924,9
18554,3
5506,4
13650,2
2395,7
15310,1
8226,6
11781,6
5515,3
19054,7
3365,0
16972,6
11410,1
19522,1
9095,7
10361,7
8531,9
4270,6
9906,2
16940,9
11279,9
5452,1
19951,4
6477,6
17400,2
6470,6
2062,2
9030,1
19880,8
1813,1
11671,7
14308,6
2313,0
9706,8
17615,5
9837,7
5831,9
19383,1
19824,0
4056,9
305,6
14347,8
1689,9
3917,5
2936,9
3862,9
14506,4
14318,4
15300,8
5649,7
19645,5
18203,1
15674,8
17726,9
5560,9
15451,5
18610,5
1079,5
13983,5
15327,0
12755,4
7235,9
17197,1
2031,4
8514,2
9095,1
14287,5
5911,5
11695,7
19037,9
3340,5
7876,9
15896,8
12435,5
1141,7
19281,1
9281,7
2038,5
4270,0
10046,7
4683,0
16878,0
7116,9
1784,3
19894,1
3786,3
9190,8
5428,3
6681,0
6893,5
12661,3
14892,3
9643,5
9943,4
10472,1
12992,4
11126,6
6869,3
7669,5
11538,0
10065,3
10171,8
17696,4
2962,3
13851,6
19322,2
12979,6
19581,8
5296,5
14745,9
5730,1
13921,7
126,2
5602,5
17575,4
19023,7
12581,8
15997,2
17750,3
9211,6
14997,4
6671,3
12271,9
8876,5
2887,4
9654,3
4086,5
18645,9
4180,8
2841,1
6040,9
19944,1
10304,2
4758,7
17010,4
16234,2
5014,9
1375,3
1181,4
490,7
3729,2
5974,3
19918,4
19680,0
18324,5
1882,0
2987,3
5585,7
3159,4
4530,3
17065,8
1073,9
13743,1
18771,9
2693,3
9562,3
4340,3
2156,1
16184,5
7966,2
2580,1
7257,3
2159,7
16172,2
13900,6
11440,2
14678,4
14436,8
12021,1
6772,2
1627,3
11664,1
8219,8
18369,7
9713,3
8488,4
2181,5
11594,9
18680,3
7164,2
18981,3
901,9
9290,4
18061,5
2881,9
13058,8
5622,6
1378,2
17632,1
5650,5
12433,8
9456,5
7036,5
6487,8
17442,3
18432,5
4248,0
18860,6
4603,4
19937,9
12632,7
220,9
14226,3
4818,5
7349,3
5618,4
9856,6
4576,5
18255,5
15207,6
1462,9
15905,3
16252,9
8236,3
7813,4
2068,1
5753,6
7237,3
14175,0
6191,2
17898,8
18982,2
14622,5
1001,0
17417,1
14877,4
10232,5
4476,3
16862,4
515,6
12478,9
1191,0
10860,4
13448,0
6297,4
16655,9
8334,8
6008,4
7987,7
3332,4
787,4
6222,2
9873,9
17006,0
3676,7
2572,1
6915,7
5033,6
7788,1
15689,7
11452,7
4712,1
66,8
15855,9
12478,8
7533,1
15103,0
4616,4
13277,1
17524,1
5730,5
10724,1
11772,4
16268,4
12940,2
19723,8
16932,7
14643,3
198,7
16955,9
17174,5
9830,1
13798,2
17558,0
11469,5
178,0
18628,0
17118,1
798,8
7601,7
2795,8
12496,5
4588,1
7297,6
3084,3
11110,4
731,2
1129,8
1605,4
11970,1
10937,5
11362,2
2933,5
15187,9
5074,1
14037,9
7099,8
17874,8
893,5
1390,7
19773,8
4239,5
18647,5
3432,7
2371,1
1515,7
15906,2
6326,8
14605,7
5586,2
2917,1
15901,4
17551,5
3793,8
9947,9
15859,3
1577,0
9488,6
18604,7
9164,3
1030,2
15881,5
10785,0
6691,1
17297,8
6358,6
18565,6
19581,0
1462,6
15511,8
10570,1
15897,7
11646,7
15474,9
7037,1
9499,7
13386,4
6221,5
7769,2
17071,4
14356,0
18278,9
7389,3
4922,2
13639,6
10003,4
19567,6
5178,3
15240,7
3968,1
2716,6
16574,8
13511,6
17719,3
8181,1
12995,1
11298,6
16762,0
6380,0
615,3
18714,4
18138,1
463,4
9158,5
3158,3
13434,5
4938,0
5417,4
8881,8
5603,4
2212,3
16766,2
18640,0
11695,6
17796,8
9775,8
14559,8
6146,3
371,3
5565,6
8802,8
8307,3
7437,6
446,5
1391,1
11516,7
17724,2
15454,1
19323,8
11891,4
14998,1
5969,6
9265,4
15861,1
19953,4
5454,5
3150,1
15386,8
6414,0
4657,2
10486,5
14894,1
5480,0
8033,3
983,2
8543,2
9916,2
10143,0
15581,3
1907,5
9216,0
8737,6
13757,5
4174,2
15708,7
9297,0
1990,5
5596,7
16374,9
3775,1
18445,2
15706,8
14645,9
13668,5
15960,7
11357,2
4435,6
19028,0
15804,6
17429,6
14626,9
7951,3
6449,1
19065,0
3199,6
6768,8
9130,3
8633,3
18934,4
4225,8
16980,7
6054,8
1505,0
9053,6
15749,5
10832,4
16344,4
14783,1
1551,0
15154,2
13799,3
6852,1
1449,5
2659,5
7509,8
2721,0
12444,8
9637,8
10490,8
2925,9
9824,8
6240,7
16896,1
215,9
7299,1
11523,0
10364,5
3153,1
1706,7
10298,7
1567,1
10400,2
10345,7
1128,1
19894,8
7867,6
18749,0
5583,0
4897,3
6001,2
11113,2
4567,1
9271,1
14348,8
11703,8
13329,7
2741,2
19404,8
6256,2
228,4
16678,8
4284,5
13264,2
13390,6
918,4
11445,3
498,3
2809,1
4961,6
9017,3
3779,5
10050,8
2118,2
6391,2
145,6
13929,4
14917,2
4565,5
16576,6
6637,2
8243,3
2410,0
1820,1
19348,9
2521,6
18952,9
5882,9
1867,6
7465,2
11461,7
19583,5
6103,4
12197,6
15424,5
16053,4
240,6
19824,0
4631,4
9599,5
11694,7
5077,9
3768,1
9142,5
7995,4
13276,9
19989,6
12746,2
11475,2
18557,0
6568,6
2601,2
19041,2
6080,2
13854,1
2159,3
8313,6
4368,6
1317,0
13272,6
1230,7
17517,2
1301,6
15927,7
1910,3
14904,6
8107,4
18300,0
2757,4
6464,2
16562,6
9088,0
15124,6
14260,2
9743,5
8683,4
60,5
9269,4
2895,3
15323,7
12352,8
11875,7
16969,8
5823,8
11962,2
534,4
19846,3
4011,8
19782,5
2155,1
6957,0
9196,0
10691,6
13327,7
2706,8
1,5
9225,6
17488,4
14820,6
10891,0
1861,8
5269,5
11112,9
15699,5
8320,8
16821,4
10740,2
3129,4
17285,5
14380,6
11360,6
5398,6
5529,0
3918,3
17451,1
16410,7
6937,6
7118,4
16931,7
10860,9
5338,7
12472,0
3140,4
7996,2
15489,0
17974,0
14201,1
7776,2
4943,6
12886,2
8997,6
7798,3
17741,7
8092,2
3225,5
11810,1
14914,6
2460,2
8737,4
13920,8
19112,2
10754,8
10833,6
3114,4
17000,3
15360,6
17587,8
9951,3
2565,1
3174,1
19465,0
2630,9
3161,3
4321,5
13204,6
7099,4
11360,5
10313,5
13502,1
5801,5
14130,1
14271,0
16075,7
4151,9
8911,9
18984,8
12861,4
666,4
16667,8
5840,3
3565,2
10426,1
17849,2
7366,6
15630,1
7382,0
16149,4
15871,5
13273,5
992,4
6858,3
2121,2
12388,2
18607,5
19572,0
19621,7
4136,8
16727,1
12653,8
15479,3
4823,4
4920,4
19585,7
5471,8
17272,6
9533,9
7127,9
3720,2
19267,1
15696,8
18799,1
19385,2
18122,3
1364,5
2708,8
12982,2
17308,3
151,7
17296,9
2321,6
13865,4
495,0
11987,8
2148,4
556,5
13393,2
1552,9
18504,5
3085,2
19888,1
156,5
8926,1
7162,1
8055,8
4654,4
11468,3
154,1
7950,0
15323,2
17380,6
4626,1
19289,3
14259,5
14873,5
13016,3
9369,8
153,3
7853,5
12379,6
15792,0
5599,2
18100,4
14785,2
11049,1
786,1
4368,9
14923,2
4272,9
5994,4
19810,1
7011,6
14086,8
9261,9
18733,4
7011,2
1212,4
14141,4
9344,2
6704,1
15896,0
18895,5
143,9
10681,3
7367,5
3228,5
4582,9
13147,8
11397,9
6031,0
4243,3
13647,2
11496,2
9549,8
15146,2
19097,3
4185,4
12486,8
7328,4
19576,7
16684,3
17107,0
3010,7
5555,6
67,6
12185,1
18890,3
1537,3
16781,8
11549,0
5680,8
8747,6
15116,1
2941,9
10849,0
7067,9
10151,9
17985,5
17864,3
19660,5
15126,2
15613,9
6447,0
5499,3
6273,7
1299,4
6701,9
4994,4
15627,0
7489,0
8269,5
2831,8
11602,7
19105,7
11819,8
17916,1
1996,5
11619,0
16661,1
3089,1
523,6
12410,8
15732,3
19506,9
8167,1
5190,6
4575,4
7727,9
15378,8
1797,6
2131,7
14900,7
17199,4
11332,1
6666,1
16526,7
12479,0
1410,2
12665,8
534,5
3364,1
17416,4
3342,0
13465,1
4500,1
1172,3
8007,4
1641,0
16855,5
19324,8
8738,0
4726,6
11789,2
11017,6
363,1
10358,7
3309,3
16929,0
3240,6
6665,6
12921,6
1936,6
13968,9
11197,0
11998,5
882,8
6923,3
13708,5
5204,4
7288,9
3203,1
2244,2
18,6
17025,7
3083,3
8521,7
17249,5
773,1
4732,9
19902,7
6795,4
6984,8
2567,7
16121,2
1674,8
10875,0
11572,9
739,4
1545,8
9327,5
5127,5
9065,2
10492,8
13749,5
9045,3
18667,9
9521,7
8669,8
11283,3
6998,8
13440,2
12697,6
13733,9
1269,6
7868,0
12373,5
18987,4
5961,9
15734,1
9661,9
8569,6
7557,8
18064,4
8433,8
15653,5
9111,9
5682,8
15479,9
15047,3
8084,5
16453,8
6200,4
10278,8
2007,9
15802,9
13329,0
2779,5
755,0
6495,2
10187,2
9513,0
18714,7
17400,2
7347,9
14249,6
14879,5
14057,0
12057,0
4938,2
19222,2
737,1
6200,9
8371,1
16615,7
18301,8
8534,6
2623,2
8646,3
13543,7
12817,3
18660,1
4497,7
7933,7
18519,7
6727,0
12156,6
17949,9
16692,9
8627,7
8368,5
16522,6
16577,1
19641,2
15577,9
19619,3
13472,8
942,0
4620,2
16195,2
11154,3
6353,1
9145,9
9494,7
13562,3
19765,5
2880,3
545,6
14132,1
13304,9
1927,8
16388,3
11673,2
15372,5
2663,8
15033,9
9465,1
3326,7
3659,5
17515,9
4763,6
10828,9
14820,7
11221,1
11211,3
13569,8
5092,9
6022,5
12569,5
19543,4
13515,9
6159,0
13223,9
8445,3
11022,7
3044,7
9612,0
5636,2
11593,8
16179,9
2892,7
5812,8
654,1
17143,1
1798,5
5159,8
11618,8
8446,8
3823,8
16099,8
18260,5
7787,0
11196,3
6380,7
17392,0
9702,1
18892,1
2682,2
989,1
12476,5
8446,8
4711,8
6479,1
13161,6
14635,2
8075,7
1007,6
7688,5
10763,9
3908,5
19187,0
11957,3
4379,2
16482,5
877,7
15585,9
18252,8
19049,8
17772,0
18799,1
2637,2
7242,6
9257,3
8613,7
2883,3
1204,1
16928,4
11831,5
15464,9
17607,5
19556,5
13994,0
6520,0
654,8
18830,8
8412,6
3666,5
4277,9
18953,5
5515,3
9205,5
15198,4
3985,1
13135,9
8167,4
7448,9
19403,7
3681,1
16956,6
9524,9
4753,6
7082,6
4002,0
5629,5
12278,1
8417,9
1997,7
8963,0
15784,8
4524,5
3407,7
6731,8
7795,9
11332,3
19177,7
2911,7
18799,2
16634,6
15194,2
4951,4
8098,0
16117,3
8102,9
5565,2
1173,7
8624,3
14394,7
13256,3
835,3
18646,1
11824,0
4567,7
3815,8
16630,4
2429,0
9182,7
9118,4
11630,4
2607,9
5930,4
4022,3
11991,8
6617,5
3151,8
5580,6
7054,0
7619,9
15823,3
13247,4
4573,0
15339,0
3491,6
706,4
15728,0
6997,4
5233,4
5755,0
17718,6
18231,5
6851,1
12126,0
7865,6
12118,1
3317,9
12212,7
11347,8
10390,1
14863,5
16548,4
7060,6
15504,7
3057,9
4428,5
402,1
8605,8
15761,9
867,1
13779,6
15155,4
8210,5
364,5
15366,3
6571,1
16963,7
14017,9
6468,0
4150,8
13065,5
19423,2
4137,0
12236,8
16836,2
12153,5
13833,5
1381,0
8154,6
1467,8
13439,0
19122,8
17264,3
12006,2
3149,1
7892,8
16136,6
1168,5
12356,8
3129,1
15032,1
2526,3
11059,8
3516,0
19751,9
10386,8
3555,6
16012,6
14157,8
5111,9
6752,6
16829,8
6364,2
3626,0
3875,9
5497,5
15979,5
11529,3
16645,3
13382,5
4025,2
10458,2
13844,2
4175,2
9174,8
3443,1
10725,9
693,1
8347,8
11780,8
18196,1
13841,6
14254,4
14021,6
13368,6
5724,2
1407,9
8032,7
14572,5
17794,9
19881,3
7394,8
16935,0
11586,6
12926,4
997,1
14390,4
6099,9
13509,2
5490,8
5616,1
15958,6
2248,6
17232,1
10748,3
10514,2
8695,5
8070,5
8894,3
16698,0
15123,1
2376,6
4378,1
11182,6
574,0
13330,2
8949,6
19194,4
5670,2
6567,9
12716,5
19843,2
6117,5
7837,5
16587,3
14531,1
19159,8
18376,0
18627,2
8498,0
18071,2
4109,7
18244,4
17106,7
13521,3
8720,9
4893,6
16727,7
8400,6
19790,7
14606,2
10139,1
17303,8
2044,2
16802,9
18133,1
17483,0
3392,7
19156,9
10672,4
14444,4
6784,7
17929,2
1070,9
1850,4
12390,2
2939,7
10095,8
16301,5
7194,9
5851,6
16378,1
678,3
988,5
1502,9
18173,0
16198,6
17809,1
15867,1
14266,7
6654,0
2440,6
10234,4
7367,3
13490,3
2594,9
18820,9
5517,3
9219,6
6310,2
3539,2
14744,4
19867,2
18625,7
6378,7
19149,1
9365,2
11422,4
4911,3
403,0
13180,9
19766,1
4163,5
16471,9
14336,1
5470,5
14953,7
6276,0
5739,8
6523,4
14993,7
12873,1
13419,1
14457,9
2064,2
5315,8
10566,4
317,2
17886,8
6130,5
7419,2
2042,2
4598,0
10214,8
118,4
709,6
15857,7
19941,1
12601,1
3250,3
8061,3
8609,5
2603,7
12046,6
17485,8
7857,6
11620,3
8177,0
18645,5
11826,2
13890,0
16892,7
18763,8
13830,8
9484,0
5495,0
11267,8
19593,4
7398,8
6743,4
5171,7
16005,0
16708,2
13004,4
10962,9
10775,7
3557,1
3587,9
16535,3
954,2
13794,6
687,0
8501,4
15138,6
9694,5
3127,6
12760,8
11559,1
14796,9
3395,5
845,5
1164,6
12954,6
5904,1
13731,2
354,0
18256,5
18408,9
2817,6
3832,3
12467,0
8257,3
13107,4
12458,0
10713,3
2581,3
9582,5
18870,2
8418,6
18827,5
14419,7
11814,3
1036,9
10024,8
10932,6
7435,5
1548,3
5065,6
3407,1
639,5
172,6
5666,9
4354,6
10109,6
2886,2
2164,4
3945,2
10401,2
7746,2
11975,6
18974,4
7754,4
15596,3
5185,0
1093,5
3880,0
10686,3
10771,6
10680,7
2785,4
14799,7
16280,8
6539,3
17958,2
16016,6
14730,1
10565,2
8060,1
3990,1
17573,5
19073,7
4095,0
14549,8
18259,5
19790,8
9979,8
5408,3
13937,4
2833,4
5285,9
9589,3
14708,5
14116,3
7645,2
12018,6
10889,1
4777,7
15994,2
2735,8
13611,5
6368,9
17205,7
162,1
7777,9
14849,5
18316,9
3535,4
19830,3
13403,6
14516,1
19174,0
19091,7
7959,4
3933,7
3385,0
922,3
10367,7
13737,1
564,4
19642,5
10789,4
2500,6
6881,3
3636,3
223,2
6297,2
14895,5
350,6
18312,6
4732,2
1017,9
18610,5
15229,6
7170,9
13303,9
6207,3
12316,2
2419,7
6240,0
1893,0
13753,8
5322,0
11232,1
17509,5
3117,4
4161,5
15523,4
4042,2
4433,8
14016,2
2658,8
10910,9
19867,4
2944,2
7210,4
8787,6
1986,2
10942,4
17458,5
12161,0
3007,2
969,7
8772,6
2824,9
1211,8
229,1
15774,4
14345,1
3185,0
15011,5
16885,3
48,5
19950,8
15173,5
19439,1
16770,5
969,8
14553,6
5820,6
14292,1
3052,5
11609,7
2302,7
2283,1
15385,7
9799,0
15620,3
122,8
9472,9
3727,7
13732,9
4958,2
524,6
9079,9
8399,3
16532,2
16821,5
10394,5
3749,4
11353,3
14009,7
11437,7
5336,9
4551,7
2823,6
12916,3
15167,1
8677,3
14868,9
8391,5
12658,5
18366,6
9663,9
2311,0
7225,6
11565,9
10270,5
13560,3
16988,6
15965,1
5785,8
12067,9
8740,7
13653,7
17222,4
3815,6
17231,9
4709,3
4507,3
6575,9
4773,2
12446,9
10464,8
15864,7
3320,0
10750,0
4698,7
17948,7
18224,7
6058,6
726,5
6697,5
11910,6
9257,8
12963,2
16666,6
1081,0
19265,8
10776,7
14196,8
19354,1
9344,8
15958,9
11689,6
17331,6
4760,3
13436,6
66,2
564,6
13393,1
3670,5
2251,9
12949,1
804,7
9583,2
17619,3
12224,6
6016,1
13036,4
19933,5
12392,7
7938,2
4141,5
9546,9
5335,5
5077,2
13247,3
5611,1
8089,1
2892,9
5577,1
17943,6
6683,9
1507,4
16335,9
2063,0
2000,5
15566,5
1294,4
15096,5
4065,0
14090,0
17987,9
17706,2
18825,8
17482,8
9318,7
8488,4
11241,1
10417,8
15574,6
15302,5
14650,8
13350,8
2096,3
11801,2
18592,8
16559,8
7169,0
13288,1
10694,3
12191,8
18051,7
10737,0
18207,4
5147,8
17740,2
19456,2
19643,7
6199,1
546,3
5231,2
7965,0
18467,9
2040,6
1752,2
1849,9
2642,4
1600,7
13951,7
11797,2
17002,3
1132,6
5491,4
5795,6
10531,8
10931,7
7633,0
17871,6
5009,4
2113,0
1044,4
13923,6
2431,5
13926,9
1582,7
14374,5
1308,1
8793,1
1620,1
4766,6
5192,8
6622,7
6093,1
16484,9
237,7
11110,2
6073,9
2542,2
15282,5
10195,2
1537,8
17138,9
11560,8
13434,8
7396,6
16924,0
5131,8
8697,6
17513,5
10271,9
3145,7
13100,9
4067,2
4195,6
9244,6
7281,9
2509,4
15502,5
6533,4
17065,3
14670,0
3932,3
14595,1
13041,7
5560,5
4016,4
719,9
74,0
13161,1
2149,7
14033,5
4207,4
15043,6
9078,8
11725,7
3936,0
9307,0
17459,4
4615,4
7265,6
10116,9
15733,8
13892,5
4652,0
10473,5
9247,8
16925,5
2161,9
18635,2
19128,9
14588,8
12061,1
6041,4
12673,5
1560,1
11954,8
17548,9
15078,5
5419,9
2722,2
10550,6
16854,8
1468,6
808,9
6719,9
16363,1
10591,1
5073,4
8012,7
18029,2
13892,0
8249,5
17513,2
15147,4
17737,3
767,9
3895,9
19838,7
10200,8
7329,1
15332,1
14621,2
11334,6
18174,2
885,2
7734,0
3906,3
4492,9
9730,8
2073,7
16696,7
6269,8
17194,5
6841,0
10955,4
2032,3
9699,8
12737,2
10762,0
7129,2
19089,1
8788,3
2147,7
615,6
947,1
5677,4
7866,6
2013,8
16874,7
18812,1
4987,7
8733,3
9479,7
9825,9
2926,5
7282,4
15635,8
15847,0
9490,3
6986,9
6862,5
12159,4
4423,6
10450,5
8159,6
2073,1
17085,1
10111,6
6825,8
10652,7
12454,7
7968,3
12516,4
14290,4
7776,7
8558,8
8719,2
4886,1
4619,2
13956,0
10345,4
6875,4
10100,8
7856,7
5401,1
3022,3
11675,9
10912,8
5738,7
15126,6
1770,4
12305,0
9969,3
12404,6
8989,6
3215,3
11980,9
6694,7
19360,1
17136,3
10661,1
1392,8
6789,7
14385,5
17061,9
105,1
11479,0
1946,6
5544,9
17479,6
13275,7
6985,8
1782,3
19641,7
6213,6
14485,4
15605,6
4869,6
17945,5
9867,6
3981,3
9493,0
5682,5
5782,1
17327,5
9137,0
16984,9
13012,9
1524,1
16634,9
78,0
3123,3
7064,8
13068,5
8417,8
13362,1
1209,1
5153,0
4898,5
18562,2
10871,6
7610,1
11077,2
15791,0
2544,0
5522,3
2370,5
19665,2
4710,6
328,3
13683,2
5579,4
13122,1
6794,2
120,0
6749,6
13763,3
17348,2
15450,9
3675,9
18460,2
5643,5
11560,0
17700,3
17580,2
15383,4
3170,5
355,7
9718,7
28,8
14831,1
17397,8
10894,7
9019,8
12638,0
14889,6
2024,1
5839,4
13503,2
10303,7
17138,4
17622,0
1906,9
7399,7
7961,1
12031,9
15128,8
15663,1
1460,8
15682,0
15193,6
17800,6
11045,7
7766,1
17812,6
4378,1
7529,3
3071,4
16939,2
17947,5
11692,8
1040,6
2686,7
12666,7
2553,5
1779,7
13186,5
16459,2
5057,9
18733,3
19157,9
2262,9
19613,5
10308,6
16776,6
17492,9
5188,2
8802,5
5057,7
3998,3
8864,0
3677,9
5796,1
14450,3
6363,6
8123,3
8222,9
13654,9
17784,4
4071,6
8808,1
2786,8
870,7
4196,1
11796,4
2739,5
940,5
340,8
4133,0
17043,6
10225,4
9752,7
3457,6
9848,6
19359,6
9241,4
453,3
9896,9
10976,0
15872,6
818,1
4868,7
16396,1
12171,3
920,2
18802,5
9506,2
6475,7
2017,2
7957,5
16230,5
9420,6
4792,1
13237,3
18818,6
16251,5
19252,7
10707,7
1438,3
3543,4
11367,8
18165,4
15520,4
6343,2
2263,9
10161,7
211,1
13809,8
7027,7
331,0
8169,1
9133,6
14591,1
16125,5
727,2
11054,1
3243,2
17032,3
5095,2
13809,3
10929,5
14842,7
17393,7
1550,5
8995,3
15166,8
7492,5
12501,4
15567,9
19785,7
13265,5
5424,6
14086,6
3161,1
9215,4
6617,5
11926,2
15092,1
16160,2
17560,6
15638,1
2233,5
4700,9
11027,5
7860,3
7526,5
5559,0
6732,3
2513,0
7830,3
14781,7
7910,9
15847,6
5649,2
17480,2
9120,7
1951,5
10165,6
14352,1
9746,3
10970,3
9186,4
8804,8
595,8
7875,2
5972,7
15882,8
858,7
5519,6
9980,9
4317,5
19838,3
12144,3
12879,6
1030,7
9487,4
13305,4
10255,2
1447,1
10237,8
2850,3
11953,8
8106,5
10000,6
9503,3
15493,7
4055,3
5402,8
9281,6
1672,5
4532,3
4924,9
15269,2
12546,1
6085,1
12390,7
13280,6
4864,1
9316,7
1221,2
2860,0
10702,0
8428,4
15385,6
9336,5
3253,5
3782,8
17150,9
19065,4
16343,2
19049,8
9951,1
16269,9
14567,9
11683,4
3513,8
16879,5
13335,0
11372,2
5822,6
14837,7
12122,8
2072,2
8529,3
18939,7
5959,4
9107,1
5993,9
5021,9
19291,4
19298,4
13546,1
10174,5
16138,6
11759,6
9190,6
12886,8
16779,3
17322,8
9828,0
2510,1
18033,3
3435,1
3201,9
15153,2
19621,9
58,4
11122,0
2971,6
9719,7
14017,7
8314,9
9628,5
9354,1
11492,6
3345,7
18870,6
15357,2
561,8
6261,6
1737,7
9096,2
19938,4
12682,5
11723,2
12098,0
9126,9
13389,6
8266,1
294,4
11434,4
5330,3
4655,7
17493,8
13460,0
3771,5
8563,8
17558,8
1164,0
9475,2
12388,7
13969,3
8434,1
19184,9
7262,2
1541,4
2765,4
10306,9
4491,9
3083,9
1857,2
769,0
17806,8
2972,1
18256,1
5599,1
18653,6
5275,6
6571,9
5072,2
9631,7
11245,8
14706,8
5463,2
7450,2
11095,3
1313,7
7847,9
17454,4
9166,2
9930,7
3285,0
3095,7
16704,7
18705,1
555,4
5432,0
1386,2
11239,9
10619,6
6854,3
10196,6
16033,5
7637,1
12962,9
14940,6
10618,0
3793,4
7373,2
2513,0
2327,5
8809,8
18549,1
19692,9
6452,6
7642,8
14435,7
992,5
5424,0
4381,6
19558,1
4782,0
7460,6
19462,0
2983,0
14182,9
2523,3
9677,4
10292,8
15089,4
4581,2
11907,7
5609,4
18385,8
17771,6
11375,9
17414,5
9957,2
12955,6
1220,1
13163,5
13289,4
12537,6
9810,6
9455,3
9063,6
834,5
1724,7
2413,3
9505,3
4498,7
2105,8
2568,4
9330,5
16593,4
4911,6
18604,7
16617,2
792,4
14195,0
13901,0
15762,6
19494,9
18550,5
8526,7
15898,0
1214,9
15346,4
212,5
1658,2
12270,2
14029,8
5024,9
13039,8
5141,3
18178,3
5988,4
13777,4
5578,0
15051,5
3845,0
11882,5
14247,4
11484,8
378,7
3293,5
19713,9
11630,9
13660,9
16608,3
737,4
16619,0
12470,4
17095,8
16117,8
14779,5
18272,6
17643,3
7271,5
17132,9
12178,8
19935,3
14490,8
13863,2
1823,4
6852,4
13072,9
11133,5
15111,2
6519,4
1777,8
17606,3
14772,8
13621,9
11859,3
18161,8
9496,2
7490,4
8893,1
2989,1
8343,0
17709,4
11914,5
8998,7
2722,1
4656,9
17709,3
4133,4
19253,4
1242,8
8539,9
1831,4
17953,4
7246,3
18302,3
3232,3
3758,8
5997,2
18739,1
10972,2
15368,2
1824,6
10683,0
4060,1
404,4
18105,1
11017,0
3845,9
11384,6
16448,9
9491,8
13112,7
11785,0
968,8
368,8
8424,6
2242,1
3083,4
13322,5
1469,7
4725,3
4259,5
3622,0
10292,2
17207,4
3431,1
4151,1
4213,6
15235,9
8989,2
779,5
15351,5
11042,8
19276,8
5534,8
3306,5
2902,8
13391,8
3718,6
21,9
1500,3
9034,0
15799,6
3641,7
191,2
13306,1
13414,9
8587,3
4662,4
4326,7
9065,1
10471,6
12641,0
9196,1
12726,6
15651,2
8536,6
19095,9
12944,2
6273,2
6284,3
8817,5
18062,2
8414,3
17127,9
16846,1
17952,0
11539,2
13993,6
13451,2
14692,0
18120,9
13334,1
7903,7
15629,1
17740,8
1014,7
10860,7
17438,2
1764,8
6009,6
9604,2
16012,5
667,2
3370,7
5976,6
17778,4
8613,6
5599,6
3650,9
12349,6
9894,0
3190,9
15345,9
8789,8
391,7
17459,1
2650,9
13600,8
14317,1
18768,7
17193,3
15563,7
6895,9
17543,1
1531,7
5481,1
10874,4
19932,6
6163,3
5264,9
17615,9
15890,2
18807,9
11767,5
8071,4
15540,2
2908,2
4712,5
12190,5
19899,5
19787,2
10150,6
19119,9
4491,3
13919,5
14168,5
8593,8
17358,0
16607,6
4613,8
11426,8
16609,0
8183,0
17725,0
8401,1
3727,7
13703,6
19187,0
10218,7
393,6
15992,5
9035,8
9716,8
8795,5
581,1
14330,3
10131,2
132,6
19222,6
14984,2
3385,0
3770,6
2268,1
975,5
7605,7
7213,1
11455,3
2835,6
2738,3
9549,0
4134,8
6833,0
8353,4
15690,7
1909,7
14496,9
12062,0
9850,3
1963,9
5153,8
10481,7
966,8
889,0
19445,1
6461,7
6166,9
16006,8
11381,6
16344,6
10940,8
11258,3
7280,8
1067,2
11115,2
9018,9
15753,7
14178,3
15187,7
4607,1
3985,7
10284,4
19563,9
14554,8
4538,2
18746,3
18608,4
6371,1
1726,6
5791,2
8458,8
17221,5
15738,5
17070,8
16740,3
9063,9
10165,8
14539,6
15572,5
4647,2
10002,5
10833,3
10420,8
6642,5
19775,4
10542,6
4357,8
15599,6
13201,0
2739,0
13231,9
9510,5
9727,5
10635,3
9964,5
17261,1
19254,0
11392,4
12336,0
11939,3
16676,6
9843,9
12823,5
2686,1
233,7
14429,5
18758,5
2272,4
17350,8
17273,0
3400,1
15371,4
4542,7
3523,4
18147,8
3291,9
2488,2
10892,8
1558,6
4690,0
6121,4
18660,9
12198,4
4439,6
17487,9
7520,2
5409,2
9670,5
12106,7
11934,7
7869,7
2956,8
10766,2
19768,0
10086,1
10435,2
16412,4
10255,2
9638,6
7756,1
11856,5
15764,3
3602,9
5062,6
11877,0
7244,6
6372,9
7105,1
19965,6
19146,4
12229,9
16956,8
7705,0
13894,0
12280,1
614,7
4050,2
16709,5
15722,8
15210,9
16742,6
3777,1
5906,1
1721,1
17733,9
3896,4
6941,9
13464,4
5246,8
8384,1
18961,3
15369,3
16475,0
13644,9
11108,4
8128,3
17459,4
18897,9
8168,8
6861,6
8990,6
13750,7
16988,5
2979,1
7065,8
4916,3
597,6
5622,3
18261,6
12164,5
1699,1
17100,0
13429,0
13796,3
4086,2
665,4
14605,9
17463,5
8419,8
15184,2
1069,6
5263,5
16109,2
7951,3
12919,4
1363,9
4508,7
1755,3
519,4
11736,6
10514,4
14688,8
7233,5
1102,5
597,3
13947,1
19657,7
12241,6
5781,5
10797,6
6256,0
10380,6
8780,6
6554,4
12664,0
9599,1
15511,6
4846,3
6605,5
10251,0
16043,6
12764,1
2986,2
400,7
19239,8
10416,0
3412,9
16440,7
1875,2
4298,8
3768,7
5752,4
12489,4
1353,8
6597,7
14691,0
4311,1
15307,7
10794,1
2934,2
16406,5
10394,8
17593,5
8940,1
17188,2
8325,0
10629,5
5141,9
3671,3
7292,7
15438,6
12231,8
18482,6
14511,5
11109,8
8444,4
15605,1
13026,6
9321,7
19648,3
5435,6
8493,2
6691,5
2763,4
3241,3
3057,4
16934,4
5574,2
5411,1
1587,3
10014,5
5920,7
11688,7
4409,4
5783,5
712,1
5406,4
12041,5
2433,2
3301,8
16654,5
11586,9
17463,1
5322,7
13932,5
5257,1
13733,9
13368,6
9777,6
11249,8
12881,4
9587,1
8791,6
8705,4
9258,9
7833,8
19270,4
14245,9
19037,2
15754,7
9280,6
12577,4
2514,2
3969,5
19668,6
4566,4
2196,2
17173,4
19859,0
11345,2
1309,3
864,8
12055,0
5389,2
19747,2
11716,6
11978,5
3003,4
14174,8
13772,2
17615,9
7959,1
11980,0
19095,0
6581,8
16805,4
9965,7
11760,6
14922,5
946,8
18218,7
1564,8
7332,2
4944,8
16057,5
13877,7
10139,1
1308,5
19370,2
16770,1
3258,1
4811,8
6697,7
15775,3
11039,0
1439,4
11634,7
55,8
19708,7
105,4
3201,5
15184,6
669,8
12663,1
966,2
16691,7
18522,7
11656,0
15893,6
13089,5
16493,3
3632,4
5684,2
13266,2
18299,1
16940,5
104,6
2047,8
16529,4
17257,2
16682,3
19622,6
8837,4
15407,0
6382,5
18895,6
783,5
370,6
15908,6
486,5
14500,6
3196,7
9552,6
2261,8
10813,4
9148,7
8572,9
15008,1
13085,5
16622,2
6843,4
1105,2
17770,3
10441,9
9719,9
18051,1
2691,6
11864,6
1996,8
1425,7
16378,1
6849,9
3247,9
18976,3
1490,3
17608,6
18971,2
19448,9
14310,0
17216,6
15401,2
12884,4
18824,5
4795,0
1646,3
16142,8
14306,7
16824,6
5956,4
13928,7
9721,1
11157,1
2367,0
6696,1
5190,6
4663,8
7062,5
4331,5
19418,3
11880,2
16246,2
3262,5
13320,6
18491,0
7036,0
19131,5
4677,6
7972,0
15329,0
4264,6
3133,2
11612,5
17849,0
18595,8
14158,0
9735,8
1689,8
9763,7
7727,0
7764,3
19925,9
13003,7
818,3
14439,0
15077,6
4521,9
1124,9
5660,7
5641,2
17513,5
1702,4
18385,7
11139,5
15702,0
6523,1
12397,2
8111,2
2401,6
9481,2
10067,8
13376,4
13824,5
13444,2
12879,7
16112,7
539,4
10974,9
13846,8
5615,3
16016,4
2956,0
8077,7
3722,5
12059,4
5087,9
10338,9
2170,8
3391,3
6942,8
18000,1
13806,5
14792,2
12809,0
14855,8
9108,5
6458,5
2756,0
6853,2
7709,7
18320,6
19475,6
12847,4
17352,4
7297,5
16256,6
3203,0
6499,6
5173,9
17273,5
11650,2
9173,8
7382,1
19915,3
801,4
8234,1
13897,1
15197,0
19733,7
9969,9
3201,8
16733,8
9972,6
583,8
12719,9
3377,8
14855,3
3401,8
13636,0
19569,3
15738,4
6772,3
19731,0
10131,3
788,9
16184,8
2889,8
9569,0
10141,4
19656,4
11934,0
9769,5
7612,9
18876,7
16205,4
13934,0
10095,3
4240,9
18706,3
10748,1
5298,3
1861,4
14142,0
7320,1
11367,2
17482,8
5247,7
1734,8
4663,2
5909,1
19800,3
12818,0
17064,0
8163,4
18454,5
13358,7
6668,2
13016,5
8001,6
9921,5
2191,3
8859,1
8872,4
19230,6
18847,6
4922,2
4392,3
19567,4
13541,4
19551,2
19381,4
15015,3
3227,0
2024,3
16713,0
2486,0
1155,7
10082,5
4477,4
18569,3
7086,6
2317,5
3621,5
4491,3
15916,9
15248,7
2511,3
9546,4
15612,7
7848,1
14274,2
17677,0
2465,2
16304,3
15669,4
11294,1
3175,0
7849,4
12473,7
9425,2
12222,6
8444,5
8210,9
2759,9
16091,2
2,8
17643,4
8190,0
15248,8
5773,8
12786,3
18952,5
15037,5
1885,7
7060,3
16331,7
7844,3
13450,2
9491,3
18722,6
9268,4
9139,0
6791,8
7171,2
19115,3
17253,7
93,1
2987,2
12847,5
9967,8
16218,3
10452,9
8627,5
4947,3
6651,8
3144,7
19971,0
16460,2
8959,5
8297,0
6694,8
15835,8
19257,7
3346,4
19532,3
11340,9
244,8
2625,0
3849,3
9597,1
7737,4
14024,8
12000,3
8333,8
17276,7
7310,6
2399,4
4640,4
19344,8
10391,2
17853,9
10892,5
11197,2
13050,2
3374,3
12911,5
8847,2
14785,2
10960,0
13535,7
8234,6
10503,8
5122,0
9852,3
5387,5
7631,6
7226,2
5108,2
18608,2
2110,0
957,4
7146,0
560,1
1312,3
18205,7
11595,5
5374,8
2651,9
10006,0
9933,2
16172,3
2877,8
4083,1
745,3
8749,7
17325,0
18680,2
17323,8
17994,6
1725,0
12213,1
9528,0
14162,4
8853,8
7187,4
32,8
14893,0
14408,3
15160,0
3414,8
17540,1
19510,1
12120,5
1543,1
271,7
5295,9
14963,9
11580,3
19093,1
12597,2
12045,7
13603,6
9937,6
14830,2
6722,8
8201,4
4144,3
5606,9
6766,7
17114,8
15928,8
1648,7
2130,4
14392,3
10588,3
4366,7
1506,3
18542,4
19300,8
15222,2
12363,3
19613,2
11795,5
9858,3
12616,9
4136,8
13478,2
11161,6
2689,9
2810,1
11663,4
6152,3
12,6
11162,5
7999,0
7219,9
5328,0
3621,0
11665,8
11314,6
652,8
16182,3
8812,3
3790,2
15659,2
1645,3
10435,9
3688,6
7689,5
1379,6
4243,7
10237,0
16330,4
19037,6
5611,1
12516,0
13886,5
13716,0
5912,5
6449,8
1725,5
15870,4
9304,5
7522,7
13663,3
4784,8
9472,4
17616,3
10055,4
12676,6
7446,0
4725,5
14769,6
1409,5
8205,4
16365,7
256,7
18105,1
15704,8
17807,6
2990,5
1195,3
1244,3
11415,0
6766,1
11662,7
16210,6
17690,9
10313,6
2402,5
16880,5
19783,9
13275,3
14915,5
909,3
15806,5
372,2
1344,7
8515,1
2431,4
19168,8
10585,2
15462,5
1695,8
1907,6
17164,7
1019,3
11457,9
1403,8
17810,2
8855,1
5868,9
10839,6
10,8
6330,2
15061,4
9230,6
19209,2
7464,2
14746,6
3003,6
7195,5
19472,4
13662,1
13739,2
15588,2
1789,9
19420,8
7598,8
4838,6
5872,5
11367,1
4299,9
17357,2
7083,7
5494,1
11317,9
19790,8
3129,9
104,3
7433,1
7689,0
3567,2
17565,8
4644,2
14966,7
11330,7
4394,8
3534,8
12388,8
11319,8
6475,0
18158,4
14728,4
12006,1
16150,2
446,3
108,0
3239,8
5931,4
4053,0
13746,0
1245,5
19104,9
13839,4
12856,2
5105,6
2922,3
2513,8
2801,0
13895,4
6981,6
8221,4
6038,8
15082,5
14648,2
364,2
1800,5
14110,2
5958,1
9096,4
7436,9
12638,9
179,6
3873,9
17570,6
15455,3
17157,6
12797,3
4460,2
15316,8
352,9
5344,2
4507,0
4830,7
11220,8
117,4
16865,6
4287,4
4477,8
6533,9
16627,3
12755,9
865,7
11173,3
5329,2
603,8
5756,5
11254,6
4018,6
5192,7
2015,7
9850,8
3380,8
3770,4
5829,8
1613,7
13147,4
15545,9
18263,6
5372,2
10538,6
148,3
1754,0
7378,6
13591,2
9371,4
12779,3
9795,6
19436,3
5692,2
4218,5
4803,7
18761,8
11672,8
3182,4
11009,6
14328,9
19544,0
2586,2
2648,9
7313,0
18101,1
12544,1
7407,8
17254,3
15234,9
19958,5
15012,4
9735,6
13425,5
15698,6
15321,6
12646,7
19624,7
4893,8
9476,2
17270,5
18642,8
4382,5
1785,6
13030,2
11735,5
16679,7
10245,4
2597,2
17064,5
324,7
15160,6
12614,6
986,5
19502,8
760,5
11885,5
9228,7
17290,4
5499,4
364,6
19797,3
8027,8
13532,4
14408,2
16105,7
7939,0
13936,7
9261,2
15863,0
12561,0
10447,9
14172,7
11878,7
12411,0
19465,6
5448,1
19642,3
2107,1
7928,7
15234,1
19317,5
16310,3
19213,3
13528,6
13313,2
1559,7
18125,1
15167,5
15343,6
5830,3
7523,8
17009,3
18074,0
15524,4
13285,0
10973,2
3006,6
4302,6
17472,5
4611,1
9372,8
14080,1
15082,1
14641,9
10093,3
8378,6
1597,4
11600,2
3747,5
13879,3
19054,9
13017,9
18964,6
7432,3
18890,4
4725,2
10437,5
13269,2
13092,2
7002,4
6131,4
13261,5
12612,2
4537,8
13091,8
2335,5
4321,4
13254,0
19369,2
559,0
713,6
4593,6
15184,5
15261,9
256,2
14574,0
37,1
10264,0
12697,7
8652,9
15930,6
1832,2
15517,4
5167,0
432,1
4151,1
14912,1
6411,9
18135,1
256,8
671,5
489,9
6889,2
11906,8
18480,7
18066,0
12603,6
2460,9
4529,1
1975,4
3216,6
14267,2
9581,0
4515,6
12048,4
9776,0
2963,6
6786,5
13866,2
6200,5
17360,5
7345,8
45,7
1193,8
4512,1
16630,0
19603,1
8983,9
636,9
3775,2
2421,1
13025,6
9280,2
4183,8
11351,1
17096,6
5323,2
12888,8
3644,8
16142,3
7773,0
10778,4
12501,9
14409,3
2108,6
3614,1
10251,5
11678,2
14367,8
4332,1
12002,1
15700,5
13769,7
6963,6
7838,4
12399,2
12243,9
1845,6
13942,6
16766,1
4112,6
12780,4
15690,9
10088,3
1509,3
12404,6
1578,2
17263,5
18546,6
14106,4
9840,9
12931,6
1359,5
4242,5
16464,5
19116,9
2709,2
18806,8
12791,0
17051,6
18880,7
3499,2
11690,3
8080,4
1189,2
13908,4
12751,8
14714,1
1025,2
71,6
5546,7
2685,4
9385,3
18232,3
10576,3
2022,8
15831,2
12940,9
17682,7
4102,4
17288,6
3026,3
6709,0
5969,2
2620,1
2646,4
4865,4
2289,8
7370,5
13854,9
9677,8
11343,7
17824,2
765,8
12671,5
16158,4
4092,4
12975,1
9341,0
12334,7
16077,1
15835,5
2666,4
5968,7
7641,4
18565,2
9834,1
3888,4
840,6
13873,1
10846,3
5899,2
565,4
6005,5
9156,9
10474,9
9187,2
7226,0
9379,4
5890,4
13113,6
4311,6
11446,9
8848,1
19366,6
6083,7
12598,8
16940,6
19403,2
2580,0
13844,5
9553,4
9386,2
19522,6
14635,7
671,4
777,1
3022,3
18244,6
19523,1
13817,7
14260,2
1074,1
9908,1
9475,5
12878,0
15120,4
1986,1
10825,0
9193,7
17430,3
2176,2
18722,2
10047,5
16884,8
18617,0
4608,5
11906,2
7234,1
6610,6
10524,2
16984,7
13411,4
9180,7
15225,9
10073,3
4483,8
5901,8
6129,6
18138,7
18848,9
10415,6
4482,9
9686,5
7400,1
6806,9
10516,6
7396,3
7338,4
9950,5
12500,2
11545,7
5241,7
4695,8
11530,1
14312,6
18972,4
14318,4
18166,8
19904,5
11324,2
3218,2
4016,9
2837,8
16312,2
7034,9
7309,0
14379,5
4239,8
12128,9
15856,7
9611,6
4150,8
11109,6
1446,4
11936,7
11036,3
6468,4
14021,6
4175,0
15390,1
5080,1
15471,9
14893,1
17248,4
16009,9
6217,9
5672,4
1502,5
1410,3
3770,8
10097,3
4001,1
19867,4
598,1
10976,8
19425,9
6391,0
16450,2
14908,3
11590,9
16279,6
2750,2
9916,4
6806,5
6429,5
8123,3
18015,9
6452,2
17158,7
15456,7
4019,0
12419,9
929,1
19396,4
6264,3
7973,1
9697,7
11136,7
19203,5
1184,2
16911,3
916,3
3574,0
3319,5
17790,8
17625,3
5206,5
19517,7
17182,0
17907,2
4928,7
16105,1
2888,3
2690,8
4091,9
13960,4
690,0
1495,5
11085,2
17276,0
10720,6
5873,6
4503,5
11720,0
13964,4
897,4
17094,2
3695,3
2686,7
5778,3
15150,1
16799,9
9663,3
4180,2
4262,8
2515,2
11236,6
14104,0
6616,8
17376,8
4370,3
18157,0
19945,9
3816,6
1756,3
2373,6
2576,7
4184,0
2397,7
12674,3
10326,6
10546,9
4535,9
14599,7
9168,2
17118,7
632,7
13280,3
14746,4
4268,3
19285,9
18047,9
15321,2
10207,2
5591,7
16226,9
1054,5
8572,3
13579,0
19466,6
10583,8
8007,0
15903,6
9784,9
4261,3
2389,8
19937,5
13939,7
11219,8
9399,9
544,6
2239,0
10559,6
2627,2
6618,7
12123,9
6780,3
8015,9
3130,6
16480,5
14831,2
2708,3
5397,0
11528,9
16840,8
5914,0
4368,7
11179,5
12076,0
18321,7
13948,7
17530,6
13824,8
4299,4
14120,0
8118,2
10756,3
7953,4
4784,5
15185,2
9024,0
14674,8
17845,1
11708,8
1159,9
386,9
7192,0
10745,3
9910,5
3409,5
17073,6
13180,5
17336,0
6142,6
5967,7
7205,4
16006,8
12109,4
13034,9
2484,3
1854,1
11631,8
19615,1
2597,0
7829,9
8186,5
3983,4
6684,8
10383,5
17040,4
12004,9
12103,4
6312,3
7938,5
9954,8
19669,8
9777,1
3563,6
5041,0
11292,0
8026,2
13923,8
19628,2
17424,7
18657,9
3629,2
2114,8
1677,8
3094,9
2284,9
5052,6
17973,1
18904,9
12047,3
694,0
15588,3
13055,4
16080,6
6704,9
7368,9
1971,6
14593,9
8055,9
11441,0
14677,6
1868,3
18055,8
1728,1
7632,6
12043,1
6403,5
15732,8
18526,0
9340,5
6184,9
253,1
4102,6
3542,4
19159,9
6212,9
4637,4
11525,8
11471,5
12500,1
15247,2
10532,2
13518,5
6476,7
19532,3
19743,0
1004,5
10286,8
4717,3
3271,5
12714,0
209,4
5539,4
16537,1
19977,8
8606,6
11616,7
1284,2
3148,0
768,6
5607,5
19586,2
19171,1
18594,5
7399,0
358,3
849,4
7498,0
4522,0
18928,0
12773,7
18215,5
17856,4
9628,2
329,8
5851,9
7032,8
15326,5
5266,3
4354,3
15082,0
4722,2
17772,4
8911,5
3235,5
4576,3
1100,7
8864,0
8708,2
18916,3
17165,5
14439,3
19907,0
11750,8
9781,3
4995,6
17885,6
11986,5
12510,3
19464,6
9268,3
502,0
9531,3
8009,9
17007,7
11542,8
17434,2
17713,2
13435,2
4114,9
13568,5
3367,4
8095,2
5141,6
3951,7
14887,7
1573,3
13359,7
19018,3
2768,7
5302,1
13746,6
1211,0
15445,3
15815,7
1160,2
7041,1
18767,7
10846,0
5876,2
19924,8
12889,8
13882,0
14738,7
1095,2
5901,9
8215,6
12911,8
14123,8
1079,5
12510,9
19231,2
18344,6
1473,6
4888,6
4979,8
1212,1
9001,4
13248,4
419,5
15608,9
3659,7
5283,6
10715,4
16165,8
1340,7
14805,7
10584,9
14780,0
5137,5
17745,8
591,6
526,3
7855,1
10695,9
1292,9
18038,8
16571,3
19142,7
8625,1
6431,9
15926,2
11704,9
437,1
10780,2
17216,4
8988,5
8953,1
5794,3
3574,6
16301,7
684,4
4233,6
16961,3
12997,0
8007,4
16611,5
2328,0
19115,1
9019,1
16814,5
9255,4
18093,9
5782,6
1234,9
5205,4
1420,5
17152,3
9596,7
19488,6
4355,4
19689,7
17922,3
17715,8
8261,0
13765,9
5944,0
7126,0
16864,5
5263,8
15300,3
2793,4
2892,8
1198,3
18756,4
18276,0
1883,1
797,8
8209,6
8235,4
16538,0
15257,3
8050,9
5947,9
9617,8
1892,2
3424,2
9450,0
13418,0
2015,7
4833,8
9894,3
15942,0
9065,4
565,0
7412,1
18402,8
10077,7
10315,2
12834,9
2314,1
4412,7
3883,1
11384,7
10051,2
8216,1
11695,1
7902,2
13187,9
17573,4
12288,4
14210,3
6884,2
19541,0
10559,7
18125,9
3688,6
14114,7
5369,1
11938,4
4023,6
15982,0
17100,3
3967,9
7423,4
6450,5
12213,3
3215,3
390,5
19421,6
232,6
19515,9
7634,2
11498,2
10916,4
233,4
1391,6
11084,4
9447,9
14184,6
11882,8
14838,4
17273,2
7902,0
12879,1
17129,6
9911,3
427,8
731,3
799,7
7025,9
14481,8
7624,9
14961,4
18922,7
8232,3
3367,5
13262,0
5229,0
18799,7
13747,5
19333,1
4261,2
3466,2
13785,8
3088,5
13015,6
1115,5
4578,9
2590,8
7372,0
3573,0
2978,0
10639,6
9422,0
10858,7
4975,7
4925,6
10786,0
19814,0
14716,1
1995,4
13844,3
3891,9
15522,5
7145,1
8498,2
9554,3
2102,9
3030,7
8524,7
8107,8
16626,1
18268,9
14935,5
9624,1
15823,8
7863,5
3109,3
18570,0
12482,7
1550,9
646,6
13407,8
12700,0
537,3
14166,2
6572,7
234,3
14067,0
9696,5
14150,3
17758,6
1909,0
12150,2
80,2
2083,9
13378,7
15217,4
18074,0
17140,5
2670,3
3751,3
11744,5
5261,8
14691,5
6852,3
1494,7
17285,9
672,3
8630,3
10268,8
444,2
9157,0
11982,6
8655,4
18582,9
2287,9
11957,6
4008,7
11696,1
9104,2
496,0
1463,5
12459,5
16877,9
17810,5
9884,0
18177,8
2723,4
17042,6
4761,9
7630,5
16375,3
8741,1
4350,9
207,6
4190,0
1883,7
2886,4
16861,7
8953,6
8381,4
13795,8
17139,4
9638,3
4931,6
9855,1
5724,9
12420,0
4060,2
4765,3
19996,7
6553,0
7378,4
18073,9
17700,1
7130,9
3186,0
5789,4
16122,8
17529,4
7942,4
7548,1
16944,6
18296,5
18248,2
296,3
2409,3
1461,7
2268,9
17378,3
6554,3
16391,3
18899,9
17801,7
18700,6
7358,3
17671,7
17502,1
7637,1
660,8
8907,0
6922,0
11953,5
18913,3
3970,8
3407,2
9046,1
14547,9
4760,8
18281,8
13465,9
4087,9
7607,2
4019,7
815,6
12563,0
13292,1
16158,1
922,1
12929,2
14925,7
17648,1
10979,0
2722,9
5355,0
13301,5
2550,6
11141,7
18057,3
11284,4
18050,5
1384,0
8252,6
7238,0
6026,5
10482,3
13801,2
16120,4
15580,0
8664,1
17342,2
493,2
16465,6
6999,3
13833,3
2970,3
11,6
15551,6
17145,3
3185,8
16409,5
1806,5
5664,7
14126,7
12894,8
5154,3
13767,7
15226,3
1525,9
760,0
16978,3
13880,2
1055,9
10046,4
3083,6
15678,4
12108,9
9650,8
5957,5
5255,9
9411,4
16344,5
9691,2
18214,7
3395,9
1203,4
19194,1
19476,6
3044,6
7272,0
3514,2
9990,6
6192,5
10767,4
16528,1
7507,7
4857,9
12118,1
17761,7
3146,4
17177,7
5756,1
4414,7
17494,4
3937,9
3963,5
5897,3
8974,2
14377,9
17500,9
16056,8
1750,0
4027,9
11528,8
5745,0
9679,8
5938,0
12150,2
13406,8
19781,6
17743,8
4853,4
18325,8
3148,4
16243,2
7933,7
9436,2
17669,4
6474,8
14679,9
11228,6
770,7
1843,6
73,6
18044,6
16059,9
8000,6
13273,3
16121,5
331,7
17805,2
7512,2
4931,7
12742,5
13426,8
5113,1
8419,9
2881,1
13145,4
13556,9
19249,5
2575,6
12714,5
6185,3
8656,2
5741,1
16661,6
65,9
4262,2
5704,4
15355,2
8594,8
12175,9
12696,5
6255,8
7441,7
14986,7
13350,6
14440,0
7960,6
17821,5
19762,1
13665,4
6629,0
13828,6
4541,0
7876,5
13311,2
14588,7
16648,4
12380,0
9877,0
17818,4
5097,5
18044,4
18738,5
6461,4
7044,0
5497,2
13751,4
9304,8
10426,2
11058,9
11260,9
18563,9
634,0
10057,8
13345,2
